,medName,Manufacturer,Molecules,Dosage Form
0,ACI FREE (LEMON),CIPLA,SVARJIKSARA 2.904g + NIMBUKAMLAM 2.015g + SODIUM SACCHARIN 12 mg/5g,Powder
1,ACI FREE (LEMON),CIPLA,SVARJIKSARA 2.904g + NIMBUKAMLAM 2.015g + SODIUM SACCHARIN 12 mg/5g,Powder
2,ACI FREE (PUDINA),CIPLA,SVARJIKSARA 2.913g + NIMBUKAMLAM 2.041g + SODIUM SACCHARIN 15 mg/5g,Powder
3,ACI FREE (REGULAR),CIPLA,SVARJIKSARA 2.90g + NIMBUKAMLAM 2.10g,Powder
4,ACI FREE (ZEERA),CIPLA,SVARJIKSARA 2.7764 G + NIMBUKAMLAM 2.0286 G + JEERA 0.01 G + EXCIPIENTS Q.S + SODIUM SACCHARIN IP 20 MG/5G,Powder
5,ACIGENE GEL 170ML MINT,CIPLA,MAGNESIUM HYDROXIDE IP 200 MG + SIMETHICONE 50 MG + DRIED AL. HYDROXIDE IP 250 MG / 10ML,Suspn.
6,DIGUSIL MPS (MINT),CIPLA,DRIED ALUMINIUM HYDROXIDE GEL I.P. 250MG + MAGNESIUM HYDROXIDE IP 200MG + SIMETHICONE IP 50MG,Syrup
7,OXECAINE 170ML,CIPLA,DRIED ALUMINIUM + HYDROXIDE GEL IP 291 MG + MAGNESIUM HYDROXIDE IP 98 MG + OXETACAINE BP 10 MG,Gel
8,ALERGIN,CIPLA,CETIRIZINE HYDROCHLORIDE IP 10 MG,Tablets
9,ALERGIN - L,CIPLA,LEVOCETIRIZINE HYDROCHLORIDE IP 5 MG,Tablets
10,ALERGIN 30ML,CIPLA,CETIRIZINE HYDROCHLORIDE IP 5 MG,Syrup
11,CETCIP,CIPLA,CETRIZINE HYDROCHLORIDE IP 10 MG,Tablets
12,CETCIP - L,CIPLA,LEVOCETIRIZINE HYDROCHLORIDE IP 5MG,Tablets
13,CETCIP 30 ML,CIPLA,CETRIZINE HCL BP 5 MG/5 ML,Syrup
14,EMIN,CIPLA,PROMETHAZINE THEOCLATE IP 25 MG,Tablets
15,LORATIN,CIPLA,LORATADINE IP 10 MG,Tablets
16,NEW OKACET,CIPLA,CETIRIZINE 10 MG,Tablets
17,OKACET,CIPLA,CETRIZINE HCL IP 5 MG / 5 ML,Syrup
18,OKACET - L,CIPLA,LEVOCETIRIZINE HYDROCHLORIDE IP 5MG,Tablets
19,OKACET 10 MG,CIPLA,CETRIZINE HYDROCHLORIDE IP 10 MG,Tablets
20,VERTIRON,CIPLA,CINNARIZINE IP 25 MG,Tablets
21,DERICIP,CIPLA,THEOPHYLLINE IP 23 MG + ETOPHYLLINE 77 MG,Tablets
22,DERICIP 150 RETARD,CIPLA,ETOFHYLINE IP 115 MG + THEOPHYLLINE IP 35 MG,Tablets
23,DERICIP 300 RETARD,CIPLA,ETOPHYLLINE 231 MG + THEOPHYLLINE IP 69 MG,Tablets
24,DOXOCIP,CIPLA,DOXOFYLLINE 400 mg + EXCIPIENTS q.s.,Tablets
25,AZICIP 250,CIPLA,AZITHROMYCIN 250 MG,Tablets
26,AZICIP 500,CIPLA,AZITHROMYCIN 500 MG,Tablets
27,AZIPRO 250,CIPLA,AZITHROMYCIN 250 MG,Tablets
28,AZIPRO 500,CIPLA,AZITHROMYCIN 500 MG,Tablets
29,AZOMYCIN 500,CIPLA,AZITHROMYCIN 500 MG,Tablets
30,CEFASYN 250,CIPLA,CEFUROXIME AXETIL IP 250 MG,Tablets
31,CEFASYN 500,CIPLA,CEFUROXIME AXETIL IP 500 mg,Tablets
32,CEFIX - 100,CIPLA,CEFIXIME IP 100 MG,Syrup
33,CEFIX - O,CIPLA,CEFIXIME IP 200MG + OFLOXACIN IP 200MG,Tablets
34,CEFIX 100,CIPLA,CEFIXIME IP 100 MG,Tablets
35,CEFIX 200,CIPLA,CEFIXIME I.P. 200 MG,Tablets
36,CEFIX 200 (O),CIPLA,CEFIXIME IP 200 MG,Tablets
37,CEFIX DS 30ML,CIPLA,CEFIXIME 50 MG,Syrup
38,CEFIX DS STRAWBERRY,CIPLA,CEFIXIME IP 50 MG,Syrup
39,CEFRAX 100,CIPLA,CEFIXIME IP 100 MG,Tablets
40,CEFRAX 200,CIPLA,CEFIXIME IP 200 MG,Tablets
41,CEFRAX CV,CIPLA,CEFIXIME IP 200 MG + POTASSIUM CLAVULANATE DILUTED IP 125 MG + EXCIPIENTS Q.S.,Tablets
42,CEFRAX DS 30 ML,CIPLA,CEFIXIME IP 50 MG,Syrup
43,CEFRAX O 10'S,CIPLA,CEFIXIME IP 200 MG,Tablets
44,CEFTAZ-1000MG,CIPLA,CEFTAZIDIME 1 GM,Injection
45,CEPHADEX 125DT,CIPLA,CEPHALEXIN IP 125MG DT,Tablets
46,CEPHADEX 250,CIPLA,CEPHALEXIN 250 MG,Capsules
47,CEPHADEX 250 DT,CIPLA,CEPHALEXIN IP DT,Tablets
48,CEPHADEX 500,CIPLA,CEPHALEXIN IP 500MG,Capsules
49,CEPHADEX DS,CIPLA,CEPHALEXIN IP 125MG / 5ML,Syrup
50,CIPMOX 250 DT,CIPLA,AMOXYCILLIN TRIHYDRATE I.P. 250MG,Tablets
51,CIPMOX 250 R/W 15'S,CIPLA,AMOXYCILLIN TRIHYDRATE I.P. 250MG,Capsules
52,CIPMOX 250 Y/G 15'S,CIPLA,AMOXYCILLIN TRIHYDRATE I.P. 250 MG,Capsules
53,CIPMOX 500 - O 15'S,CIPLA,AMOXYCILLIN TRIHYDRATE I.P. 500MG,Capsules
54,CIPMOX 500 YELLOW 15'S,CIPLA,AMOXYCILLIN TRIHYDRATE I.P. 500MG,Capsules
55,CIPMOX CV 625 10'S,CIPLA,AMOXYCILLIN TRIHYDRATE I.P. 500MG + POTASSIUM CLAVULANATE DILUTED I.P. 125MG,Tablets
56,L QUIN 250,CIPLA,LEVOFLOXACIN HEMIHYDRATE I.P. 250MG,Tablets
57,L QUIN 500,CIPLA,LEVOFLOXACIN HEMIHYDRATE I.P. 500MG,Tablets
58,L QUIN 750,CIPLA,LEVOFLOXACIN HEMIHYDRATE I.P. 750MG,Tablets
59,LEVOQUIN 250,CIPLA,LEVFLOXACIN 250 MG,Tablets
60,LEVOQUIN 500,CIPLA,LEVOFLOXACIN HEMIHYDRADE I.P. 500 MG,Tablets
61,MEGACLOX DT (NEW),CIPLA,AMPICILLIN TRIHYDRATE I.P. 125MG + DICLOXACILLIN SODIUM I.P. 125MG,Tablets
62,MUPICIP 5GM,CIPLA,MUPIROCIN 2.0%,Ointment
63,MUPICIP 10GM,CIPLA,MUPIROCIN 2.0%,Ointment
64,MUPICIP 15GM,CIPLA,MUPIROCIN 2.0% W/W,Ointment
65,NEW NOVACLOX-LB,CIPLA,AMOXYCILLIN TRIHYDRATE 250MG + DICLOXACILLIN SODIUM 250MG + LACTIC ACID BACILLUS,Capsules
66,NOVACLAV 625 6'S,CIPLA,AMOXYCILLIN TRIHYDRATE IP 500MG + POTASSIUM CLAVULANATE DILUTED IP 125MG,Tablets
67,NOVACLAV 625 10'S,CIPLA,AMOXYCILLIN TRIHYDRATE IP 500MG + POTASSIUM CLAVULANATE DILUTED IP 125MG,Tablets
68,NOVACLAV DRY,CIPLA,AMOXYCILLIN TRIHYDRATE IP 200MG + POTASSIUM CLAVULANATE DILUTED IP 28.5MG/ 5ML,Syrup
69,NOVACLOX NF,CIPLA,AMOXYCILLIN TRIHYDRATE IP 250MG + CLOXACILLIN SODIUM IP 250MG + EXCIPIENT Q.S.,Capsules
70,OLOX 200,CIPLA,OFLOXACIN IP 200MG,Tablets
71,OLOX OZ,CIPLA,OFLOXACIN 200MG + ORNIDAZOLE 500MG,Tablets
72,OMNICLAV 375,CIPLA,AMOXYCILLIN TRIHYDRATE IP 250MG + POTASSIUM CLAVULANATE DILUTED IP 125MG,Tablets
73,OMNICLAV 625,CIPLA,AMOXYCILLIN TRIHYDRATE IP 500MG + POTASSIUM CLAVULANATE DILUTED IP 125MG,Tablets
74,OMNICLAV DS 30ML,CIPLA,AMOXYCILLIN 200MG + CLAVULANIC ACID 28.5MG,Syrup
75,PODOCIP 50 DS,CIPLA,CEFPODOXIME PROXETIL IP 50 MG,Dry Syp
76,PODOCIP 200 10'S,CIPLA,CEFPODOXIME PROXETIL IP 200MG,Tablets
77,PODOCIP CV,CIPLA,CEFPODOXIME PROXETIL IP 200MG + POTASSIUM CLAVULANATE DILUTED IP 125MG + EXCIPIENTSQ.S.,Tablets
78,POWERGYL OZ,CIPLA,OFLOXACIN IP 200MG + ORNIDAZOLE IP 500MG,Tablets
79,ROXEE 150,CIPLA,ROXYTHROMYCIN 150 MG,Tablets
80,TARIFLOX 200,CIPLA,OFLOXACIN IP 200MG,Tablets
81,TARIFLOX OZ,CIPLA,OFLOXACIN 200MG + ORNIDAZOLE 500MG,Tablets
82,ZOCLAR 250,CIPLA,CLARITHROMYCIN IP 250MG,Tablets
83,ZOCLAR 500,CIPLA,CLARITHROMYCIN IP 500MG,Tablets
84,ALERGIN COLD TOTAL,CIPLA,LEVOCETIRIZINE HYDROCHLORIDE IP 5MG + PARACETAMOL IP 325MG + PHENYLEPHRINE HYDROCHLORIDE IP 5MG,Tablets
85,CHESTON COLD 20'S,CIPLA,CETIRIZINE DIHYDROUCHLORIDE IP 5MG + PHENYLEPHRINE HYDROCHLORIDE IP 10MG + PARACETAMOL IP 325MG,Tablets
86,CHESTON COLD TOTAL,CIPLA,LEVOCETIRIZINE HYDROCHLORIDE IP 5MG + PARACETAMOL IP 325MG + PHENYLEPHRINE HYDROCHLORIDE IP 5MG,Tablets
87,NOCOLD PLUS,CIPLA,TRIPROLIDINE HYDROCHLORIDE IP 2.5MG + PHENYLEPHRINE HYDROCHLORIDE IP 10MG + PARACETAMOL IP 325MG,Tablets
88,OKACET COLD TOTAL,CIPLA,LEVOCETIRIZINE HYDROCHLORIDE IP 5MG + PARACETAMOL IP 325MG + PHENYLEPHRINE HYDROCHLORIDE IP 5MG,Tablets
89,OKACET-L 30ML,CIPLA,LEVOCETIRIZINE DIHYDROCHLORIDE 2.5 MG,Syrup
90,ACARCIP 25,CIPLA,ACARBOSE 25MG,Tablets
91,ACARCIP 50,CIPLA,ACARBOSE 50MG + EXCIPIENTS Q.S.,Tablets
92,ETHAMCIP 250,CIPLA,ETHAMSULATE B.P. 250MG,Tablets
93,ETHAMCIP 500,CIPLA,ETHAMSYLATE B.P. 500MG,Tablets
94,EXERMET GL,CIPLA,GLIBENCLAMIDE 5MG + METFORMIN HYDROCHLORIDE 500MG,Tablets
95,GLIMDA 1,CIPLA,GLIMEPRIDE 1MG,Tablets
96,GLIMDA 2,CIPLA,GLIMEPRIDE 2MG,Tablets
97,GLIMDA-MV 1,CIPLA,METFORMIN HYDROCHLORIDE 500MG + GLIMEPIRIDE 1MG + VOGLIBOSE 0.2MG,Tablets
98,GLIMDA-MV 2,CIPLA,METFORMIN HYDROCHLORIDE 500MG + GLIMEPIRIDE 2MG + VOGLIBOSE 0.2MG,Tablets
99,GLINIL,CIPLA,GLIBENCLAMIDE 5MG,Tablets
100,GLINIL M,CIPLA,GLIBENCLAMIDE IP 5MG + METFORMIN HCL 500MG,Tablets
101,GLYGARD,CIPLA,GLICLAZIDE 80MG + EXCIPIENTS Q.S.,Tablets
102,GLYGARD M,CIPLA,GLICLAZIDE 80MG + METFORMIN HYDROCHLORIDE 500MG + EXCIPIENTS Q.S.,Tablets
103,METFOR 500,CIPLA,METFORMIN HYDROCHLORIDE IP 500MG,Tablets
104,OKAMET 500,CIPLA,METFORMIN HYDROCHLORIDE IP 500MG,Tablets
105,TENEPLA,CIPLA,TENELIGLIPTIN HYDROBROMIDE HYDRATE 20MG,Tablets
106,TENEPLA M 500,CIPLA,TENELIGLIPTIN HYDROBROMIDE HYDRATE 20MG + METFORMIN HYDROCHLORIDE 500MG + EXCIPIENTS Q.S.,Tablets
107,TENEPLA M 1000,CIPLA,TENELIGLIPTIN HYDROBROMIDE HYDRATE 20MG + METFORMIN HYDROCHLORIDE 500MG + EXCIPIENTS Q.S.,Tablets
108,VOGLICIP 0.2,CIPLA,VOGLIBOSE 0.2MG + EXCIPIENTS Q.S.,Tablets
109,VOGLICIP 0.3,CIPLA,VOGLIBOSE 0.3MG + EXCIPIENTS Q.S.,Tablets
110,NEW POWERGYL 30 ML,CIPLA,OFLOXACIN 50MG + METRONIDAZOLE BENZOATE IP 100MG,Suspn.
111,OFLOX OZ NF 30 ML,CIPLA,OFLOXACIN 50MG/5ML + METRONIDAZOLE BENZOATE 100MG/5ML,Suspn.
112,ROKO,CIPLA,LOPERAMIDE HCL IP 2MG,Capsules
113,VERTIGIL,CIPLA,CINNARIZINE IP 20MG + DOMPERIDONE MALEATE IP 15MG,Tablets
114,VOMETIL,CIPLA,PROCHLORPERAZINE MALEATE IP 5MG,Tablets
115,VOMETIL MD,CIPLA,PROCHLORPERAZINE MALEATE 5MG,Tablets
116,VOMISTOP 10 DT,CIPLA,DOMPERIDONE IP 10MG DISPERSIBLE,Tablets
117,VOMISTOP 10'S,CIPLA,DOMPERIDONE IP 10MG,Tablets
118,VOMISTOP 30 ML,CIPLA,DOMPERIDONE 1MG,Suspn.
119,DANFREE 100ML - 1%,CIPLA,KETOCONAZOLE IP 1%,Shampoo
120,DANFREE 100ML - 2%,CIPLA,Ketoconazole IP 2%,Shampoo
121,FLUKA 150,CIPLA,FLUCONAZOLE IP 150MG,Tablets
122,FLUKA 150,CIPLA,FLUCONAZOLE IP 150MG,Capsules
123,FUNGICIP 150,CIPLA,FLUCONAZOLE IP 150MG,Tablets
124,FUNGICIP 200,CIPLA,FLUCONAZOLE 200MG,Tablets
125,ITRACIP 100,CIPLA,ITRACONAZOLE USP 100MG,Capsules
126,ITRACIP 200,CIPLA,ITRACONAZOLE 200MG,Capsules
127,ITRANOX 100,CIPLA,ITRACONAZOLE 100MG,Capsules
128,ITRANOX 100,CIPLA,ITRACONAZOLE BP 100MG,Capsules
129,ITRANOX 200,CIPLA,ITRACONAZOLE 200MG,Capsules
130,KETOCIP,CIPLA,KETOCONAZOLE IP 200MG,Tablets
131,KETOCIP 100ML - 1%,CIPLA,KETOCONAZOLE IP 1%,Shampoo
132,KETOCIP 100ML - 2%,CIPLA,KETOCONAZOLE IP 2%,Shampoo
133,LULITEC 10 GM,CIPLA,LULICONAZOLE 1.0% + METHYLPARABEN 0.14% + BENZYL ALCOHOL 1.0%,Cream
134,LULITEC 20 GM,CIPLA,LULICONAZOLE 1.0% + METHYLPARABEN 0.14% + BENZYL ALCOHOL 1.0%,Cream
135,LULITEC 30 GM,CIPLA,LULICONAZOLE 1.0% + METHYLPARABEN 0.14% + BENZYL ALCOHOL 1.0%,Cream
136,BENDEX - 400,CIPLA,ALBENDAZOLE IP 400MG,Tablets
137,BENDEX 10ML,CIPLA,ALBENDAZOLE IP 200MG,Suspn.
138,BENDEX PLUS,CIPLA,IVERMECTIN IP 6MG + ALBENDAZOLE IP 400MG,Tablets-Blister
139,MEBEX,CIPLA,MEBENDAZOLE 100MG,Tablets
140,MEBEX 30ML,CIPLA,MEBENDAZOLE 100MG,Suspn.
141,X-WORM 400MG,CIPLA,ALBENDAZOLE IP 400MG,Tablets
142,CILOGARD 5 MG,CIPLA,CILNIDIPINE 5MG + EXCIPIENTS Q.S.,Tablets
143,CILOGARD 10 MG,CIPLA,CILNIDIPINE 10MG + EXCIPIENTS Q.S.,Tablets
144,CILOGARD 20 MG,CIPLA,CILNIDIPINE 20MG + EXCIPIENTS Q.S.,Tablets
145,COSART-25,CIPLA,LOSARTAN POTASSIUM IP 25MG,Tablets
146,COSART-50,CIPLA,LOSARTAN POTASSIUM IP 50 MG,Tablets
147,COSART-H,CIPLA,LLOSARTAN POTASSIUM IP 50MG + HYDROCHLOROTHAIZE IP 12.5MG,Tablets
148,PRESOLAR,CIPLA,ATENOLOL IP 50MG + NIFEDIPINE IP 20MG,Capsules
149,PRILACE 2.5,CIPLA,RAMIPRIL IP 2.5MG,Tablets
150,PRILACE 5,CIPLA,RAMIPRIL IP 5MG,Tablets
151,PRILACE 10,CIPLA,RAMIPRIL IP 10MG,Tablets
152,ZAART-50,CIPLA,LOSARTAN POTASSIUM IP 50MG,Tablets
153,CIPLADINE 10% 10GM,CIPLA,POVIDONE-IODINE 10%,Ointment
154,CIPLADINE 10GM,CIPLA,POVIDONE IODINE 5% OINTMENT + LODINE 0.5% W/W,Ointment
155,CIPLADINE 15GM,CIPLA,POVIDONE IODINE 5% + LODINE 0.5% W/W,Ointment
156,CIPLADINE 20GM,CIPLA,POVIDONE IODINE OINTMENT IP 5% + LODINE 0.5% W/W,Ointment
157,CIPLADINE 25GM,CIPLA,POVIDONE -LODINE IP 5%,Ointment
158,CIPLADINE 30GM,CIPLA,POVIDONE -LODINE IP 5%,Ointment
159,CIPLADINE 250GM,CIPLA,POVIDONE IODINE IP 5% + LODINE 0.5% W/W,Ointment
160,CIPLADINE 7.50% 100 ML,CIPLA,POVIDONE-LODINE IP 7.5% + PURIFED WATER IP Q.S.,Suspn.
161,CIPLADINE 100ML,CIPLA,POVIDONE IODINE IP 5% SOLUTION + LODINE 0.5%,Suspn.
162,CIPLADINE 500ML,CIPLA,POVIDONE IODINE IP 5% SOLUTION + PURIFED WATER IP Q.S.,Suspn.
163,CIPLADINE 500ML,CIPLA,POVIDONE IODINE I.P. 7.5% + PURIFED WATER IP Q.S.,Scrub
164,CIPLADINE GARGLE,CIPLA,POVIDONE-LODINE IP 2% + ABSOLUTE ALCOHOL CONTENT 8.38 % V/V,Solution
165,CIPLADINE POWDER 10GM,CIPLA,POVIDONE 5% POWDER,Powder
166,TUELA,CIPLA,DROTAVERINE HYDROCHLORIDE 80MG + MEFENAMIC ACID 250MG,Tablets
167,ITORAB,CIPLA,RABEPRAZOLE SODIUM 20MG + ITOPRIDE HYDROCHLORIDE 150MG,Capsules
168,LANZOL - 30,CIPLA,LANSOPRAZOLE IP 30MG,Capsules
169,LOMAC 20,CIPLA,OMEPRAZOLE 20MG,Capsules
170,LOMAC-D,CIPLA,DOMPERIDONE IP 10MG + OMEPRAZOLE IP 20MG,Capsules
171,NEW PANTOSEC D SR 10'S,CIPLA,PANTOPRAZOLE SODIUM IP 40MG + DOMPERIDONE MALEATE 30MG,Capsules
172,OKACID,CIPLA,OMEPRAZOLE 20MG,Capsules
173,OKACID D,CIPLA,DOMPERIDONE 10MG + OMEPRAZOLE 20MG,Capsules
174,OMECIP 20,CIPLA,OMEPRAZOLE IP 20MG,Capsules
175,OMECIP D,CIPLA,DOMPERIDONE 10MG + OMEPRAZOLE 20MG,Capsules
176,OMECIP D SR,CIPLA,OMEPRAZOLE 20MG + DOMPERIDONE 30MG,Capsules
177,PANTOCIP IV,CIPLA,PANTOPRAZOLE SODIUM 40MG,Injection
178,PANTOSEC,CIPLA,PANTOPRAZOLE SODIUM IP 40MG,Tablets
179,PANTOSEC D,CIPLA,PANTOPRAZOLE 40MG + DOMPERIDONE 10MG,Tablets
180,PANTOSEC IV,CIPLA,PANTOPRAZOLE 40MG,Injection
181,PANTOSEC - LS,CIPLA,PANTOPRAZOLE SODIUM SESQUIHYDRATE IP 40MG + LEVOSULPIRIDE 75MG,Capsules
182,RABESEC 20,CIPLA,RABEPRAZOLE 20MG,Tablets
183,RABESEC AP 200 SR,CIPLA,ACECLOFENAC 200MG + RABEPRAZOLE SODIUM 20MG + EXCIPIENTS Q.S.,Capsules
184,RABESEC D,CIPLA,RABEPRAZOLE 20MG + DOMPERIDON 10MG,Tablets
185,RABESEC D SR,CIPLA,RABEPRAZOLE SODIUM IP 20MG + DOMPERIDONE IP 30MG,Capsules
186,RABITEC D SR CAP,CIPLA,RABEPRAZOLE 20MG + DOMPERIDON 10MG,Capsules
187,RABESEC LS,CIPLA,RABEPRAZOLE SODIUM IP 20MG + LEVOSULPIRIDE 75MG,Capsules
188,CIPLORIC 100,CIPLA,ALLOPURINOL 100MG,Tablets
189,CIPLORIC 300,CIPLA,ALLOPURINOL 300MG,Tablets
190,FEBUTEC 80,CIPLA,FEBUXOSTAT 80MG,Tablets
191,ZYRIK 100,CIPLA,ALLOPURINOL IP 100 MG,Tablets
192,ZYRIK 300,CIPLA,ALLOPURINOL IP 300 MG,Tablets
193,ACEBROTEC-200 SR,CIPLA,ACEBROPHYLLINE 200MG,Tablets
194,AMLIP 2.5,CIPLA,AMLODIPINE BESILATE IP 2.5MG,Tablets
195,AMLIP 2.5 (BLISTER),CIPLA,AMLODIPINE BESILATE IP 2.5MG,Tablets
196,AMLIP 5,CIPLA,AMLODIPINE BESILATE IP 5MG,Tablets
197,AMLIP 5 (BLISTER),CIPLA,AMLODIPINE BESILATE IP 5MG,Tablets
198,AMLIP 10,CIPLA,AMLODIPINE BESILATE IP 10MG,Tablets
199,AMLIP 10 (BLISTER),CIPLA,AMLODIPINE BESILATE IP 10MG,Tablets
200,AMLIP AT,CIPLA,AMLODIPINE BESILATE IP 5MG + ATENOLOL IP 50MG,Tablets
201,AMLIP AT (BLISTER),CIPLA,AMLODIPINE BESILATE IP 5MG + ATENOLOL 50MG,Tablets
202,CLOPICARD 15'S,CIPLA,CLOPIDOGREL BISULPHATE IP 75MG,Tablets
203,CLOPICARD AP 75 15'S,CIPLA,CLOPIDOGREL BISULPHATE IP 75MG + ASPIRIN IP 75MG,Tablets
204,DILVAS 2.5,CIPLA,ENALAPRIL MALEATE IP 2.5MG,Tablets
205,DILVAS 5,CIPLA,ENALAPRIL MALEATE IP 5MG,Tablets
206,DILVAS 10,CIPLA,ENALAPRIL MALEATE IP 10MG,Tablets
207,HIPRES 25,CIPLA,ATENOLOL IP 25 MG,Tablets
208,HIPRES 50,CIPLA,ATENOLOL IP 50MG,Tablets
209,ISOMIN 20,CIPLA,ISOSORBIDE MONONITRATE 20MG,Tablets
210,LIPVAS 10,CIPLA,ATORVASTATIN CALCIUM 10MG,Tablets
211,LIPVAS 20,CIPLA,ATORVASTAIN CALCIUM IP 20MG,Tablets
212,LIPVAS 40,CIPLA,ATORVASTATIN CALCIUM IP 40MG,Tablets
213,OMNITOR 10,CIPLA,ATORVASTATION CALCIUM 10MG,Tablets
214,OMNITOR 20,CIPLA,ATORVASTATION CALCIUM 20MG,Tablets
215,ZAART - 25,CIPLA,LOSARTAN POTASSIUM IP 25MG,Tablets
216,ZAART - H,CIPLA,LOSARTAN POTASSIUM IP 50MG + HYDROCHLOROTHIAZIDE IP 12.5MG,Tablets
217,ALERGIN COLD AND FLU NF,CIPLA,PARACETAMOL 500MG + PHENYLEPHRINE HYDROCHLORIDE 5MG + CAFFEINE 30MG + DIPHENHYDRAMINE HYDROCHLORIDE 25MG + EXCIPIENTS Q .S,Tablets
218,BRO-COFDEX 100 ML,CIPLA,TERBUTALINE SULPHATE IP 1.25MG + BROMHEXINE HYDROCHLORIDE IP 4MG + GUAPHENESIN IP 50MG + MENTHOL IP 2.5MG (IN A FLAVOURED SYRUPY BASE Q.S.),Syrup
219,CHESTON 100 ML,CIPLA,BROMHEXINE HYDROCHLORIDE 4MG + GUAIPHENESIN 50MG + CHLORPHENIRAMINE MALEATE 2MG (IN FLAVOURED BASE),Expt.
220,CHESTON AX 100ML,CIPLA,AMBROXOL HYDROCHLORIDE 30MG + LEVOSALBUTAMOL 1MG + GUAIPHENESIN 50MG,Syrup
221,CHESTON COLD,CIPLA,CETIRIZINE DIHYDROCHLORIDE IP 5MG + PHENYLEPHRINE HYDROCHLORIDE IP 10MG + PARACETAMOL IP 325MG,Tablets
222,CHESTON COLD NEW (SILVER),CIPLA,CETIRIZINE DIHYDROCHLORIDE IP 5MG + PHENYLEPHRINE HYDROCHLORIDE IP 10MG + PARACETAMOL IP 325MG,Tablets
223,CHESTON COLD - (AMBER),CIPLA,CETIRIZINE DIHYDROCHLORIDE IP 5MG + PHENYLEPHRINE HYDROCLORIDE IP 10MG + PARACETAMOLD IP 325MG,Tablets
224,CHESTON COLD & FLU NF,CIPLA,PARACETAMOL 500MG + PHENYLEPHRINE HYDROCHLORIDE 5MG + CAFFEINE 30MG + DIPHENHYDRAMINE HYDROCHLORIDE 25MG + EXCIPIENTS Q .S,Tablets
225,CHESTON COLD 60ML,CIPLA,PARACETAMOL 125 MG + PHENYLEPHRINE HYDROCLORIDE IP + 5MG CETERIZINE DIHYDROCLORIDE IP 2MG,Suspn.
226,CHESTON COLD DS 60 ML,CIPLA,PARACETAMOL IP 250MG + PHENYLEPHRINE HYDROCHLORIDE IP 5MG + CETIRIZINE DIHYDROCHLORIDE IP 2MG,Suspn.
227,CHESTON COLD NEW (SILVER),CIPLA,CETIRIZINE DIHYDROCHLORIDE IP 5MG + PHENYLEPHRINE HYDROCHLORIDE IP 10MG + PARACETAMOL IP 325MG,Tablets
228,CHESTON CS COUGH SYRUP,CIPLA,DEXTROMETHORPHAN HYDROBROMIDE 10MG + CHLORPHENIRAMINE MALEATE 2MG,Syrup
229,CHESTON DX 100 ML,CIPLA,DEXTROMETHORPHAN HYDROBROMIDE IP 10MG + CHLORPHENIRAMINE MALEATE IP 2MG,Syrup
230,CHESTON EXPT. 60ML,CIPLA,BROMHEXINE HYDROCHLORIDE 4MG + GUAIPHENESIN 50MG + CHLORPHENIRAMINE MALEATE 2MG,Syrup
231,CHESTON EXPECTORANT 100ML,CIPLA,BROMHEXINE HYDROCHLORIDE 4MG + GUAIPHENESIN 50MG + CHLORPHENIRAMINE MALEATE 2MG,Syrup
232,CHESTON PLUS EXPT. 100 ML,CIPLA,AMBROXOL HYDROCHLORIDE 15MG + TERBUTALINE SULPHATE 1.25MG + GUAIPHENESIN 50MG,Syrup
233,COF - Q (NEW),CIPLA,PARACETAMOL IP 325MG + BROMHEXINE HYDROCHLORIDE IP 8MG + CHLORPHENIRAMINE MALEATE IP 2MG + PHENYLEPHRINE HYDROCHLORIDE IP 10MG + GUALPHRNESIN IP 100MG,Tablets
234,COF - Q D SYP,CIPLA,DEXTROMETHRPHAN HYDROROMINE IP 10MG + PHENYLEPHRINE HYDROCLORIDE IP 5MG,Syrup
235,COF - Q DX,CIPLA,DEXTROMEHORPHAN HYDROBROMIDE 10MG + CHLORPHENIRAMINE MALEATE 2MG + PHENYLEPHRINE HYDROCHLORIDE 5MG + EXCIPIENTS Q.S.,Tablets
236,COF-RYL 60ML,CIPLA,DIPHENHYDRAMINE HCL IP 14.08MG + AMONIUM CLORIDE IP 138MG + SODIUM CITRET 57.03MG,Syrup
237,COF-RYL 100ML,CIPLA,DIPHENHYDRAMINE HCL IP 14.08MG + AMONIUM CLORIDE IP 138MG + SODIUM CITRET 57.03MG,Syrup
238,COF - VYN,CIPLA,BROMHEXINE HYDROCHLORIDE IP 8.00MG + PHENYLEPHRINE HYDROCHLORIDE IP 5.00MG,Tablets
239,COFDEX 100 ML,CIPLA,BROMHEXINE HCL IP 4MG + DEXTROMETHORPHAN HBR 5MG + AMMONIUM CHLORIDE IP 50MG + MENTHOL 2MG/5ML,Syrup
240,COFDEX PLUS - 100ML,CIPLA,DEXTROMETHORPHAN HYDROBROMIDE IP 5MG + CHLORPHENIRAMINE MALEATE IP 2.5MG + GUAIPHENESIN IP 50MG + AMMONIUM CHLORIDE IP 60MG,Syrup
241,COFTON - 100ML,CIPLA,CHLOROPEHIRAMINE MALEATE IP 2.5MG + AMMONIUM CHLORIDE IP 125MG + SODIUM CITRATE IP 55MG/5ML,Expt.
242,EASI BREATHE SOFTGEL,CIPLA,CAMPHOR IP 66MG + CHLOROTHYMOL 5MG + EUCALYPTOL USP 125MG + MENTHOL IP 55MG + TERPINEOL BP 120MG,Capsules
243,MUCOLINC AX 100ML,CIPLA,TERBUTALINE SULPHATE 1.5MG + GUAIPHENESIN 50MG + AMBROXOL HYDROCHLORIDE 15MG,Syrup
244,MUCOLINC EXPECTORANT,CIPLA,TERBUTALINE SULPHATE IP 1.25MG + BROMHEXINE HYDROCHLORIDE IP 4MG + GUAIPHENESIN IP 50MG + MENTHOL IP 2.5 MG,Syrup
245,NEW COFDEX PAED,CIPLA,DEXTROMETHORPHAN HYDROBROMIDE IP 5MG + BROMHEXINE HYDROCHLORIDE IP 4MG + PHENYLEPHRINE HYDROCHLORIDE IP 5MG + MENTHOL IP 2.5MG,Syrup
246,NICIP COLD & FLU NF,CIPLA,PARACETAMOL IP 500MG + PHENYLEPHRINE HYDROCHLORIDE IP 5MG + CAFFEINE IP 30MG + DIPHENHYDRAMINE HYDROCHLORIDE IP 25MG + EXCIPIENTS Q.S.,Tablets
247,NIMUPAIN COLD & FLU NF,CIPLA,PARACETAMOL 500MG + PHENYLEPHRINE HYDROCHLORIDE 5MG + CAFFEINE 30MG + DIPHENHYDRAMINE HYDROCHLORIDE 25MG + EXCIPIENTS Q .S,Tablets
248,NOCOLD,CIPLA,PARACETAMOL IP 325MG + PHENYLEPHRINE HYDROCHLORIDE IP 5MG + CAFFEINE IP 25MG + CHLORPHENIRAMINE MALEATE IP 2MG,Tablets
249,NOCOLD,CIPLA,PHENYLEPHRINE HYDROCHLORIDE IP 5MG + CHLORPHENIRANMINE MALEATE IP 2MG,Drops
250,NOCOLD 60ML,CIPLA,PHENYLEPHRINE HYDROCHLORIDE IP 2MG + CHLORPHENIRAMINE MALEATE IP 2MG,Syrup
251,NOCOLD PLUS,CIPLA,PARACETAMOL 125MG + CPM 1MG + SODIUM CITRATE 60MG,Syrup
252,NODARD,CIPLA,NIMESULIDE TAB 100MG + NIMESULIDE BP 100MG,Tablets
253,NODARD PLUS,CIPLA,NIMESULIDE 100MG + PARACETAMOL 325MG,Tablets
254,OKACET COLD,CIPLA,CETIRIZINE DIHYDROCHLORIDE IP 5MG + PHENYLEPHRINE HYDROCHLORIDE IP 10MG + PARACETAMOL IP 325MG,Tablets
255,REXCOF DX NF 60ML,CIPLA,DEXTROMETHORPHAN HYDROBROMIDE 10MG + CHLORPHENIRAMINE MALEATE 2MG,Syrup
256,REXCOF DX NF 100ML,CIPLA,DEXTROMETHORPHAN HYDROBROMINE IP 10MG + CHLORPHENIRAMINE MALEATE IP 2MG,Syrup
257,REXCOF SOFTGELS,CIPLA,CHLORPHENIRAMINE MALEATE IP 2MG + DEXTROMETHORPHAN HYDROBROMIDE IP 10MG + PHENYLEPHRINE HYDROCHLORIDE IP 5MG + EXCIPIENTS Q.S.,Capsules
258,NUTROZYME 200ML,CIPLA,EACH 5 ML CONTAINS DIASTASE IP 50 MG + PEPSIN IP 10 MG,Syrup
259,ORTHAL FORTE,CIPLA,TRYPSIN AND CHYMOTRYPSIN,Tablets
260,TADACIP 20 10'S,CIPLA,TADALAFIL 20MG,Tablets
261,LIVETONE 100ML,CIPLA,LIVER TONIC AYURVEDIC,Syrup
262,LIVETONE 200ML,CIPLA,LIVER TONIC AYURVEDIC,Syrup
263,LIVETONE 225ML,CIPLA,HIMSRA 34MG + KASANI 34MG + KAKAMACHI 16MG + ARJUNA 16MG + KASAMARDA 8MG + BIRANJASIPHA 8MG + JHAVUKA 8MG,Syrup
264,LIVETONE DS 100ML,CIPLA,EACH 5 ML CONTAINS EXTRACT OF HIMSRA 68MG + KASANI 68MG + KAKAMACHI 32MG + ARJUNA 32MG + KASAMARDA 16MG + BIRANJASPHA 16MG + JHAVUKA 16MG,Syrup
265,LIVETONE DS 200 ML,CIPLA,HIMSRA 68MG + KASANI 68MG + KAKAMACHI 32MG + ARJUNA 32MG + KASAMARDA 16MG + BIRANJASPHA 16MG + JHAVUKA 16MG,Syrup
266,NO DARAR,CIPLA,DURAHARIDRA + KAMPILAK + PAKHANBED + MAJISTHA + DODISHAK AND SARJARAS + 35.4% + RAKTAPRAKA 3.6^ BASE,Cream
267,BOLAX,CIPLA,BISACODYL IP 5MG,Tablets
268,EASYLAX 170ML,CIPLA,LIQUID PARAFFIN 3.75ML + MILK OF MAGNESIA 11.25ML,Bottle
269,EASYLAX PLUS 170ML,CIPLA,LIQUID PARAFFIN 3.75ML + MILK OF MAGNESIA 1.25ML + SODIUM PICOSULFATE 3.33MG,Bottle
270,XYMOS,CIPLA,READY MIX COMBI BAR FLAKES + LEMON GRASS OIL + GLYCERIN + CITRONELLA OIL + PERFUME,Soap
271,ACEFLEX PLUS (AMBER),CIPLA,PPARACETAMOL IP 325MG + ACECLOFENAC IP 100MG,Tablets
272,ACEFLEX PLUS (ORANGE),CIPLA,PPARACETAMOL IP 325MG + ACECLOFENAC IP 100MG,Tablets
273,CIP-ZOX,CIPLA,DICLOFENAC SODIUM IP 50MG + PARACETAMOL IP 325MG + CHLOROZOXAZONE USP 500MG + EXCIPIENT Q.S.,Tablets
274,CIPZEN D,CIPLA,SERRATIOPEPTIDSE IP 10MG + DICLOFENAC SODIUM IP 50MG,Tablets
275,CIPZEN DP,CIPLA,DICLOFENAC POTASSIUM 50MG + SERRATIOPEPTIDASE 10MG + EXCIPIENTS Q.S.,Tablets
276,CIPZOX,CIPLA,DICLOFENAC SODIUM IP 50MG + PARACETAMOL IP 325MG CHLORZOXAZONE USP 500MG + EXCIPIENT Q.S.,Tablets
277,COBIX 100,CIPLA,CELECOXIB 100MG,Tablets
278,COBIX 200,CIPLA,CELECOXIB 200MG,Tablets
279,COFENAC PLUS (W),CIPLA,DICLOFENAC SODIUM IP 50MG + PARACETAMOL IP 325MG,Tablets
280,DOMCET,CIPLA,PARACETAMOL 325MG + DOMPERIDONE MALEATE IP 10MG,Tablets
281,DOMPAR,CIPLA,DOMPERIDONE IP 10MG + PARACETAMOL IP 325MG,Tablets
282,MOBICAM DT,CIPLA,PIROXICAM IP 20MG DISPERSIBLE,Tablets
283,MOVEXX MR,CIPLA,ACECLOFENAC IP 100MG + PARACETAMOL IP 325MG + CHLORZOXAZONE USP 250MG,Tablets
284,MOVEXX SP,CIPLA,ACECLOFENAC IP 100MG + PARACETAMOL IP 325MG + SERRATIOPEPTIDASE IP 15MG,Tablets
285,MOVEXX SPAS,CIPLA,ACECLOFENAC 100MG + DROTAVERINE HYDROCHLORIDE 80MG + EXCIPIENTS Q.S.,Tablets
286,NICIP (BLUE),CIPLA,NIMESULIDE BP 100MG,Tablets
287,NICIP 100,CIPLA,NIMESULIDE BP 100MG,Tablets
288,NICIP DS,CIPLA,NIMESULIDE BP 200GM,Tablets
289,NICIP MD,CIPLA,NIMESULIDE BP 100MG,Tablets
290,NICIP MR,CIPLA,NIMESULIDE BP 100MG + CHLORZOXAZONE USP 375MG + PARACETAMOL IP 325MG,Tablets
291,NICIP OVAL 10S BLISTERS,CIPLA,NIMESULIDE BP 100MG,Tablets
292,NICIP P 10'S,CIPLA,NIMESULIDE BP 100MG + PARACETAMOL IP 325MG,Tablets
293,NICIP PLUS,CIPLA,NIMESULIDE BP 100MG + PARACETAMOL IP 325MG,Tablets
294,NICIP PLUS - GOLDEN,CIPLA,NIMESULIDE BP 100MG + PARACETAMOL IP 325MG,Tablets
295,NIMUPAIN,CIPLA,NIMESULIDE BP 100MG,Tablets
296,NIMUPAIN PLUS (BROWN),CIPLA,NIMESULIDE BP 100MG + PARACETAMOL IP 325MG,Tablets
297,PARACIP,CIPLA,PARACETAMOL SYRUP 125MG/5ML,Syrup
298,PARACIP,CIPLA,PARACETAMOL 150MG/ML,Drops
299,PARACIP 500,CIPLA,PARACETAMOL IP 500MG,Tablets
300,PARACIP 500 (B),CIPLA,PARACETAMOL IP 500MG,Tablets
301,PARACIP 500 (L) 15'S,CIPLA,PARACETAMOL IP 500MG,Tablets
302,PARACIP 500 OVAL,CIPLA,PARACETAMOL 500MG,Tablets
303,PARACIP - 650,CIPLA,PARACETAMOL IP 650MG,Tablets
304,PARACIP SUSP 250MG,CIPLA,PARACETAMOL IP 250MG,Suspn.
305,PARANORM,CIPLA,PARACETAMOL IP 325MG + METACLOPRAMIDE HYDROCHLORIDE IP 5MG,Tablets
306,PIROX - 20,CIPLA,PIROXICAM IP 20MG,Capsules
307,PIROX DT,CIPLA,PIROXICAM IP 20MG,Tablets
308,PIROX IM 2ML,CIPLA,PIROXICAM IP 20MG + BENZYL ALCOHOL IP 20MG + ABSOLUTE ALCOHOL CONTENT 12.68% V/V+,Injection
309,REACTIN 100 SR 10,CIPLA,DICLOFENAC SODIUM IP 100MG,Tablets
310,REACTIN 100 SR 15,CIPLA,DICLOFENAC SODIUM IP 100MG,Tablets
311,REACTIN AP,CIPLA,PARACETAMOL IP 325MG + ACECLOFENAC IP 100MG,Tablets
312,REACTIN PLUS(G),CIPLA,DICLOFENAC SODIUM IP 50MG + PARACETAMOL IP 325MG,Tablets
313,REACTIN PLUS(R),CIPLA,DICLOFENAC SODIUM IP 50MG + PARACETAMOL IP 325MG,Tablets
314,REACTIN PLUS(W),CIPLA,DICLOFENAC SODIUM IP 50MG + PARACETAMOL IP 325MG,Tablets
315,SPASMONIL,CIPLA,DICYCLOMINE HYDROCHLORIDE IP 20MG + PARACETAMOL IP 325MG,Tablets
316,SPASMONIL,CIPLA,DICYCLOMINE HYDROCHLORIDE IP 10MG + ACT DIMETHICONE 40MG/ML,Drops
317,SPASMORID,CIPLA,DICYCLOMINE HYDROCHLORIDE 20MG + PARACETAMOL 325MG,Tablets
318,VOLTANEC PR,CIPLA,ACECLOFENAC 100MG + PARACETAMOL 325MG + EXCIPIENTS Q.S.,Tablets
319,VOLTANEC SP,CIPLA,ACECLOFENAC 100MG + PARACETAMOL 325MG + SERRATIOPEPTIDASE 15MG,Tablets
320,CIPMOL 500,CIPLA,PARACETAMOL IP 500MG,Tablets
321,CIPMOL 650,CIPLA,PARACETAMOL IP 650MG,Tablets
322,CIPZEN FORTE,CIPLA,SERRATIOPEPTIDAS IP 10MG,Tablets
323,CLEARWAX,CIPLA,PARA DICHLOROBENZENE 2% + BENZOCAINE 2.7% + CHLORBUTOL 5% + TURPENTINE OIL 15%.,Drops
324,ETOZOX 60,CIPLA,ETORICOXIB 60MG,Tablets
325,ETOZOX 90,CIPLA,ETORICOXIB 90MG,Tablets
326,GABACIP-M,CIPLA,GABAPENTIN IP 300 MG + METHYLCOBALAMIN IP 500 MCG,Tablets
327,MECOVIT PLUS,CIPLA,ALPHA LIPOIC ACID USP 100MG + PYRIDOXINE HYDROCHLORIDE IP 3MG + METHYLCOBALAMIN IP 1500MCG + FOLIC ACID IP 1.5MG,Capsules
328,MOVEXX PLUS - AMBER,CIPLA,PPARACETAMOL IP 325MG + ACECLOFENAC IP 100MG,Tablets
329,MOVEXX PLUS - ORANGE,CIPLA,PARACETAMOL IP 325MG + ACECLOFENAC IP 100MG,Tablets
330,MOVEXX PLUS - PEACH,CIPLA,PARACETAMOL IP 325MG + ACECLOFENAC IP 100MG,Tablets
331,NICIP P (AMBER),CIPLA,NIMESULIDE BP 100 MG + PARACETAMOL IP 325MG,Tablets
332,PREGACIP M,CIPLA,PREGABALIN IP 75MG + METHYLCOBALAMIN 750MCG + EXCIPIENTS QS,Capsules
333,REACTIN 50 (NEW),CIPLA,DICLOFENAC 50MG,Tablets
334,REACTIN 50 TAB,CIPLA,DICLOFENAC SODIUM IP 50MG,Tablets
335,SPASMONIL PLUS,CIPLA,DICYCLOMINE HYDROCHLORIDE IP 10 MG + MEFENAMIC ACID IP 250 MG,Tablets
336,SILAGRA 100 4'S,CIPLA,SILDENAFIL CITRATE IP EQUIVALENT TO SILDENAFIL 100 MG FILM COATED TABLET - COLOUR PURPLE,Tablets
337,SUHAGRA 25,CIPLA,SILDENAFIL CITRATE IP 25MG,Tablets
338,SUHAGRA 50,CIPLA,SILDENAFIL CITRATE IP 50MG,Tablets
339,SUHAGRA 100 4'S,CIPLA,SILDENAFIL CITRATE IP 100MG,Tablets
340,SUHAGRA 100 10'S,CIPLA,SILDENAFIL CITRATE IP 100MG,Tablets
341,SUHAGRA DURALONG,CIPLA,LIDOCAINE 10%,Spray
342,SUHAGRA FORCE 50,CIPLA,DAPOXETINE HCL 30MG + SILDENAFIL CITRATE IP 50MG,Tablets
343,TADACIP 20 4'S,CIPLA,TADALAFIL 20MG,Tablets
344,NORLUT-N,CIPLA,NORETHISTERONE ACETATE USP 5MG,Tablets
345,VOMINORM,CIPLA,METOCLOPRAMIDE HYDROCHLORIDE 10MG,Tablets
346,NESTACORT 6,CIPLA,DEFLAZACORT 6MG,Tablets
347,BETASALIC 20GM,CIPLA,BECLOMETHASONE DIPROPIONATE 0.1% + SALICYLIC ACID IP BASE Q.S. 3%,Ointment
348,BURNHEAL 15GM,CIPLA,SILVER NITRATE 0.20 % + CHLORHEXIDINE GLUCONATE SOLUTION IP 0.20% + CHLOROCRESOL 0.12 % W/W,Cream
349,Cipderm 25 GM,CIPLA,BETAMETHASONE DIPROPIONATE IP 0.05% + GENTAMICIN SULPHATE IP 0.1% + MICONAZOLE NITRATE IP 2.0% + CHLOROCRESOL IP 0.1% W/W,Cream
350,CIPLADINE 125GM,CIPLA,POVIDONE IODINE IP 5% + LODINE 0.5% W/W,Ointment
351,CIPSULF 10GM,CIPLA,CLOBETASOL PROPIONATE IP 0.05% + NEOMYCIN SULPHATE 0.5% + BENZYL ALCOHOL 1.0%,Powder
352,CLODERM-N 15 GM,CIPLA,CLOBETASOL PROPIONATE IP 0.05% + NEOMYCIN SULPHATE 0.5% + BENZYL ALCOHOL 1.0%,Cream
353,Cloderm-S 20 gm,CIPLA,CLOBETASOL PROPIONATE IP 0.05 % + SALICYLIC ACID IP 3 %,Ointment
354,FEBUTEC 40,CIPLA,FEBUXOSTAT 40MG,Tablets
355,FORACNE 20GM,CIPLA,CLINDAMYCIN PHOSPHATE 1.0 % + NICOTINAMIDE 4.0 % + ALOE,Gel
356,FORACNE PLUS,CIPLA,ADAPALENE BP 0.1 % + CLINDAMYCIN PHOSPHATE USP 1% + METHYL PARABEN IP 0.1 % + PHENOXYETHANOL BP 0.25 %,Gel
357,FOURDERM 10GM,CIPLA,CLOBETASOL PROPIONATE BP 0.05% + NEOMYCIN SULPHATE IP 0.50% + MICONAZOLE NITRATE 2.00% + CHLORHEXIDINE GLUCONATE SOLUTION 0.20% + CHLOROCRESOL 0.10%,Cream
358,FOURDERM 15GM,CIPLA,CLOBETASOL PROPIONATE BP 0.05 % + NEOMYCIN SULPHATE IP 0.50 % + MICONAZOLE NITRATE IP 2.00 % + CHLORHEXIDINE GLUCONATE SOLUTION IP 0.20 % + CHLOROCRESOL IP 0.10 %,Cream
359,FOURDERM (NEW)20 GMS,CIPLA,CLOBETASOL PROPPIONATE BP 0.05 % + NEOMYCIN SULHATE IP 0.50 % + MICONAZOLE NITRATE IP 2.00 % + CHLORHEXIDINE GLUCONATE SOLUTIONIP 0.20 % + CHLOROCRESOL IP 0.10 % W/W,Cream
360,FOURDERM AF 5GM,CIPLA,CLOBETASOL PROPIONATE 0.05% + NEOMYCIN SULPHATE 0.5% + MICONAZOLE NITRATE 2.0% + CHLOROCRESOL 0.1%,Cream
361,FOURDERM CREAM 15GMS,CIPLA,CLOBETASOL PROPIONATE BP..0.05 % W/W NEOMYCIN SULPHATE IP..0.50 % W/W MICONAZOLE NITRATE IP..2.00 % W/W CHLORHEXIDINE GLUCONATE SOLUTION IP…0.20 % W/W CHLOROCRESOL IP (AS PRESERVATIVE)..0.10 % W/W IN A CREAM BASE..Q.S.,Cream
362,FOURDERM N/F PLUS 15GM,CIPLA,CLOBETASOL PROPIONATE 0.05% + NEOMYCIN 0.1% + MICONAZOLE NITRATE 2.0%,Cream
363,FOURDERM RF 15GM,CIPLA,BECLOMETHASONE DIPROPIONATE IP 0.025% + CLOTRIMAZOLE IP 1% + CHLOROCRESOL IP 0.1%,Cream
364,MICOGEL,CIPLA,MICONAZOLE NITRATE IP 2 % + CHLOROCRESOL IP 0.1 %,Cream
365,MICOGEL - F,CIPLA,MICONAZOLE NITRATE IP 2% + FLUCINOLONE ACETONIDE 0.01%,Ointment
366,SILVERTEC 1*10 GMS,CIPLA,SILVER NITRATE 0.2% + ETHANOL IP 4.0%,Gel
367,TERCAN-M 10 GM,CIPLA,MOMETASONE FUROATE IP 0.1% + TERBINAFINE HYDROCHLORIDE IP 1 % w/w,Gel
368,TOCODERM N/F PLUS 15GM,CIPLA,CLOBETASOL PROPIONATE 0.05% + NEOMYCIN SULPHATE 0.1% + MICONAZOLE NITRATE 2.0%,Cream
369,BETASALIC 20GM,CIPLA,BECLOMETHASONE DIPROPIONATE 0.1% + SALICYLIC ACID IP BASE QS. 3%,Ointment
370,BURNHEAL 15GM,CIPLA,SILVER NITRATE 0.20 % + CHLORHEXIDINE GLUCONATE SOLUTION IP 0.20% + CHLOROCRESOL 0.12 % W/W,Cream
371,CILOGARD 5MG,CIPLA,CILNIDIPINE 5 MG + EXCIPIENTS Q.S.,Tablets
372,CIPDERM 25GM,CIPLA,BETAMETHASONE DIPROPIONATE IP 0.05% + GENTAMICIN SULPHATE IP 0.1% + MICONAZOLE NITRATE IP 2.0% + CHLOROCRESOL IP 0.1% W/W,Cream
373,CIPSULF 10GM,CIPLA,CLOBETASOL PROPIONATE IP 0.05% + NEOMYCIN SULPHATE 0.5% + BENZYL ALCOHOL 1.0%,Powder
374,CLODERM-N 15GM,CIPLA,CLOBETASOL PROPIONATE IP 0.05% + NEOMYCIN SULPHATE 0.5% + BENZYL ALCOHOL 1.0%,Cream
375,FEBUTEC 40,CIPLA,FEBUXOSTAT 40MG,Tablets
376,FORACNE 20GM,CIPLA,CLINDAMYCIN PHOSPHATE 1.0 % + NICOTINAMIDE 4.0 % + ALOE,Gel
377,FORACNE PLUS,CIPLA,ADAPALENE BP 0.1 % + CLINDAMYCIN PHOSPHATE USP 1% + METHYL PARABEN IP 0.1 % + PHENOXYETHANOL BP 0.25 %,Gel
378,FOURDERM 10GM,CIPLA,CLOBETASOL PROPIONATE BP 0.05% + NEOMYCIN SULPHATE IP 0.50% + MICONAZOLE NITRATE 2.00% + CHLORHEXIDINE GLUCONATE SOLUTION 0.20% + CHLOROCRESOL 0.10%,Cream
379,FOURDERM (NEW)20 GM,CIPLA,CLOBETASOL PROPPIONATE BP 0.05 % + NEOMYCIN SULHATE IP 0.50 % + MICONAZOLE NITRATE IP 2.00 % + CHLORHEXIDINE GLUCONATE SOLUTIONIP 0.20 % + CHLOROCRESOL IP 0.10 % W/W,Cream
380,FOURDERM AF 5GM,CIPLA,CLOBETASOL PROPIONATE 0.05% + NEOMYCIN SULPHATE 0.5% + MICONAZOLE NITRATE 2.0% + CHLOROCRESOL 0.1%,Cream
381,FOURDERM CREAM 15GM,CIPLA,CLOBETASOL PROPIONATE BP..0.05 % W/W NEOMYCIN SULPHATE IP..0.50 % W/W MICONAZOLE NITRATE IP..2.00 % W/W CHLORHEXIDINE GLUCONATE SOLUTION IP…0.20 % W/W CHLOROCRESOL IP (AS PRESERVATIVE)..0.10 % W/W IN A CREAM BASE..Q.S.,Cream
382,FOURDERM N/F PLUS 15GM,CIPLA,CLOBETASOL PROPIONATE 0.05% + NEOMYCIN 0.1% + MICONAZOLE NITRATE 2.0%,Cream
383,FOURDERM RF 15GM,CIPLA,BECLOMETHASONE DIPROPIONATE IP 0.025% + CLOTRIMAZOLE IP 1% + CHLOROCRESOL IP 0.1%,Cream
384,MICOGEL,CIPLA,MICONAZOLE NITRATE IP 2 % + CHLOROCRESOL IP 0.1 %,Cream
385,MICOGEL-F,CIPLA,MICONAZOLE NITRATE IP 2% + FLUCINOLONE ACETONIDE 0.01%,Ointment
386,NICIP SUPER GEL,CIPLA,NIMESULIDE BP 1% + METHYL SALCYLATE IP 10.3% + MENTHOL IP 5.15% + LINSEED OIL BP 3%,Gel
387,OMNI HOT 10GM,CIPLA,DICLOFENAC DIETHYLAMINE 1.16% + VIRGIN LINSEED OILl 3.0% + METHYL SALICYLATE 10.0% + CAPSAICIN 0.025% + MENTHOL IP 5.0% + BENZYL ALCOHOL 1.0%,Gel
388,OMNI HOT 20GM,CIPLA,"DICLOFENAC DIETHYLAMINE 1.16% + VIRGIN LINSEED OIL 3.0% + METHYL SALICYLATE 10.0% + CAPSAICIN USP 0.025% + MENTHOL 5.0%, + BENZYL ALCOHOL 1.0%",Gel
389,OMNI HOT 30GM,CIPLA,LINSEED OIL BP 3.0% + DICLOFENAC DIETHYLAMINE BP 1.16% + METHYL SALICYLATE IP 10% + CAPSAICIN USP 0.025% + MENTHOL IP 5% + BENZYL ALCOHOL IP 1%,Gel
390,OMNI ICE 30GM,CIPLA,MENTHOL IP 2% + METHYL PRABEN IP 0.18% + PROPYL PRABEN IP 0.02%,Gel
391,OMNI NATURAL 15GM,CIPLA,GANDHAPURAA 15 % + KAPUR 5 % + SARALA 3 % + PUDINAH 3 % + LAVANG 3 % + NILGIRI 2 % W/W,Ointment
392,OMNI NATURAL 30GM,CIPLA,GANDHAPURAA 15 % + KAPUR 5 % + SARALA 3 % + PUDINAH 3 % + LAVANG 3 % + NILGIRI 2 % W/W,Ointment
393,OMNIGEL 10GM,CIPLA,LINSEED OIL BP 3.0%+ DICLOFENAC DIETHLYLAMINE BP 1% + METHYL SILICATE IP 10% + MENTHOL IP 5% + BENZYL ALCOHAL IP 1%,Cream
394,OMNIGEL 20GM,CIPLA,LINSEED OIL BP 3.0%+ DICLOFENAC DIETHLYLAMINE BP 1% + METHYL SILICATE IP 10% + MENTHOL IP 5% + BENZYL ALCOHAL IP 1%,Ointment
395,OMNIGEL 20GM,CIPLA,LINSEED OIL BP 3% + DICLOFENAC DIETHYLAMINE BP 1.16% + METHYL SALICYLATE IP 10% + MENTHOL IP 5% + EXCIPIENTS & PROPELLANT Q.S. TO 100% w/w,Spray
396,OMNIGEL 30GM,CIPLA,LINSEED OIL BP 3.0%+ DICLOFENAC DI ETHLYLAMINE BP 1% + METHYL SILICATE IP 10% + MENTHOL IP 5% + BENZYL ALCOHAL IP 1%,Gel
397,OMNIGEL 35GM,CIPLA,DIETHYLAMINE BP 1.16% + LINSEED OIL BP 3 % METHYL SALICYLATE IP 10 % + MENTHOL IP 5 % + EXCIPIENTS & PROPELLANT Q.S. TO 100 % W/W,Spray
398,OMNIGEL 50GM,CIPLA,LINSEED OIL BP 3.0% +DICLOFENAC DIETHYLAMINE BP 1% + METHYL SALICYLATE IP 10% + MENTHOL IP 5% + BENZYL ALCOHOL IP 1%,Ointment
399,OMNIGEL 55GM,CIPLA,DIETHYLMINE BP 1.13% + LINSEED OIL BP 3 % + METHYL SALICYLATE IP 10 % + MENTHOL IP 5% + EXCIPIENTS & PROPELLANT Q.S.,Spray
400,OMNIGEL 75GM,CIPLA,LINSEED OIL BP 3.0 % + DICLOFENAC DIETHYLAMINE BP 1 % + METHYL SALICYLATE IP 10 % + MENTHOL IP 5 % + BENZYL ALCOHOL IP 1 %,Cream
401,OMNIGEL 75GM,CIPLA,DICLOFENAC DIETHYLAMINE BP 16 % + LINSEED OIL BP 3 % + METHYL SALICYLATE IP 10 % + MENTHOL IP 5 % + EXCIPIENTS & PROPELLANT Q.S. TO 100 % W/W,Spray
402,OMNIGEL 100GM,CIPLA,VIRGIN LINSEED OIL 3% + DICLOFENAC DIETHYLAMINE 1.16% + METHYL SALICYLATE 10% + MENTHOL 5% + EXCIPIENTS & PROPELLANT q.s.,Spray
403,OMNIGEL 2% 25GM,CIPLA,DICLOFENAC DIETHYLAMINE 2.32% + DICLOFENAC SODIUM IP 2% + METHYL SALICYLATE 10% + MENTHOL 5% + ABSOLUTE ALCOHOL 10% V/V,Spray
404,OMNIGEL 2% 35GM DOUBLE POWER,CIPLA,DICLOFENAC DIETHYLAMINE IP 2.32 % + METHYL SALICYLATE IP 10 % + MENTHOL IP 5 % + ABSOLUTE ALCOHOL IP 10 % V/V,Spray
405,OMNIGEL 2% 55GM,CIPLA,DICLOFENAC DIETHYLAMINE 2.32% + DICLOFENAC SODIUM 2% + METHYL SALICYLATE 10% + MENTHOL 5% A+ BSOLUTE ALCOHOL 10% V/V,Spray
406,PIROX 30GM,CIPLA,PIROXICAM IP 0.5% + PROPYLENE GLYCOL IP Q.S.,Ointment
407,REACTIN 30GM,CIPLA,DICLOFENAC DIETHYLAMINE BP 1.16% W/W,Gel
408,SILVERTEC 1*10 GMS,CIPLA,SILVER NITRATE 0.2% + ETHANOL IP 4.0%,Gel
409,TERCAN-M 10GM,CIPLA,MOMETASONE FUROATE IP 0.1% + TERBINAFINE HYDROCHLORIDE IP 1 % W/W,Gel
410,TOCODERM N/F PLUS 15GM,CIPLA,CLOBETASOL PROPIONATE 0.05% + NEOMYCIN SULPHATE 0.1% + MICONAZOLE NITRATE 2.0%,Cream
411,ALKACIP,CIPLA,DISODIUM HYDROGEN CITRATE B.P. 1.53GM/5ML,Syrup
412,CIPCAL,CIPLA,ELEMENTAL CALCIUM 250ML + VIT D3 125 IU,Syrup
413,CIPCAL 250,CIPLA,ELEMENTAL CALCIUM 250MG + VIT D3 125 IU,Tablets
414,CIPCAL 500,CIPLA,ELEMENTAL CALCIUM 500MG + VIT D3 250 IU,Tablets
415,CIPCAL D3,CIPLA,"CHOLECALCIFEROL IP 60, 000 IU + EXCIPIENTS Q.S.",Sachet
416,CIPCAL D3 SOFTGELS,CIPLA,"CHOLECALCIFEROL IP 60, 000 IU + EXCIPIENTS Q.S.",Capsules
417,CIPCAL HD,CIPLA,ELEMENTAL CALCIUM 500 MG + VITAMIN D3 IP 500 IU,Tablets
418,COFOL - Z,CIPLA,CARBONYL IRON 50MG + ZINC SULPHATE MONOHYDRATE IP 61.8 MG + FOLIC ACID IP 0.5MG,Capsules
419,EMRICH,CIPLA,MULTI VITAMIN,Capsule
420,FERICIP XT,CIPLA,FERROUS ASCORBATE 100MG + FOLIC ACID IP 1.5MG + EXCIPIENTS Q.S,Tablets
421,FERICIP XT,CIPLA,EACH 5 ML CONTAINS FERROUS ASCORBATE ELEMENTAL IRON 30MG + FOLIC ACID IP 500MCG,Suspn.
422,HEMOCIP PLUS 225ML,CIPLA,FERRIC AMMONIUM CITRATE 200MG + CYANOCOBALAMIN 7.5MCG + FOLIC ACID 1 MG + ZINC SULPHATE 7MG,Syrup
423,HEMOCIP PLUS 300ML,CIPLA,FERRIC AMMONIUM CITRATE 200MG + CYANOCOBALAMIN 7.5MCG + FOLIC ACID 1MG + ZINC SULPHATE 7MG,Syrup
424,HEPOFER FORTE,CIPLA,IRON (III) HYDROXIDE POLYMALTOSE COMPLEX 50MG + FOLIC ACID IP 0.5MG,Syrup
425,LACTOCIP DS TABLETS,CIPLA,LACTIC ACID BACILLUS NLT,Tablets
426,LYCOGARD 225 ML,CIPLA,LYCOPENE 6 % 2000MCG + NIACINAMIDE 25MG + PYRIDOXINE HYDROCHLORIDE 1.5MG + CYANOCOBALAMIN 1MCG + FOLIC ACID 100MCG + SALENIUM 35MCG + ZINC 3MG + MANGANESE 2MG + IODINE 100MCG + COPPER 500MCG,Syrup
427,LYCOGARD SOFTGEL,CIPLA,LYCOPENE + VITAMIN A + VITAMIN E + ELEMENTAL CHROMIUM + COPPER + MANGANESE + SELENIUM + ZINC,Capsules
428,OMNICAL 500,CIPLA,1.25G OF CALCIUM CARBONATE + VITAMIN D3 IP 250 IU + EXCIPIENT Q.S.,Tablets
429,OMNIVIT 200ML,CIPLA,PYRIDOXINE HYDROCHLORIDE 0.75MG + NICOTINAMIDE 15MG + CYANOCOBALAMIN 2MCG + LYSINE HYDROCHLORIDE 37.5MG + SORBITOL SOLUTION (70%),Syrup
430,PROTIBIN,CIPLA,EACH 5ML CONTAINS PROTIEN HCL 20% 0.333GM + PYRIDOXINE HCL 0.50MG + NIACINAMIDE 15MG + IRON CHOLINE CITRATE 15MG + MAGNESIUM CHLORIDE IP 3.333MG + MANGANESE CHLORIDE USP 0.0333MG + ZINC SULPHATE 44MG + LYSINE HCL 20MG 3.333MG/5ML + MAGNESIUM CHLORIDE IP + ALIMENLARL ZINC 10MG,Syrup
431,SUPERCAL 500,CIPLA,CALCIUM CARBONATE 1250MG + 1.25G OF CALCIUM CARBONATE + VIT D3 IP250 IU,Tablets
432,VITACIP,CIPLA,GINSENG EXTRACT POWDER 45MG + VITAMIN A 2000 IU + VITAMIN D3 200 IU + VITAMIN B1 2MG + VITAMIN B2 1.5MG + VITAMIN B6 1.5MG + VITAMIN B12 1MCG + VITAMIN C 25MG + VITAMIN E ACETATE 10MG + CALCIUM PANTOTHENATE 5MG + FOLIC ACID 0.25MG + CALCIUM 75MG + PHOSPHORUS 58MG + LODINE 0.1MG + MANGANESE 0.5MG + MAGNESIUM 3MG + POTASSIUM 2MG + FERROUS FUMARATE 30MG + ZINC 10MG + COPPER 0.5MG + SELENIUM 100MCG + BIOTIN 100MG,Capsules
433,VITAFOL,CIPLA,FOLIC ACID IP 5MG,Tablets
434,VITAMIN-D3 60K TAB,CIPLA,"CHOLECALCIFEROL IP (AS STABILIZED) 60,000 IU EXCIPIENTS..Q.S.",Tablets
435,VITAMON,CIPLA,FFERRIC AMMONIUM CITRATE 110MG + FOLIC ACID 1.5MG + CYNACOBALAMIN 15MCG + SORBITOL SOLUTION (70%) 10% / ML + ELEMENTAL IRON 22MG,Syrup
436,VITOMIN D3,CIPLA,VITAMIN D3 IP 400 IU,Bottle
437,VITOMIN-D3,CIPLA,"CHOLECALCIFEROL IP 60,000 IU + EXCIPIENTS Q.S.",Sachets
438,VITOMIN-D3 60K,CIPLA,"CHOLECALCIFEROL IP 60,000 IU + EXCIPIENTS Q.S.",Tablets
