0,Vaidya Yogesh Vani,"Sayan Road, Amroli.. |",+(91)-9825440570
1,Dr. Jayshree The Skin Lab,Lal Darwaza Road-L.. |,07947257830
2,Navadiya Skin Clinic,"Ambatalavadi, Kata.. |",07947255892
3,Radiance Skin Clinic,"Palanpur Gam Road,.. |",+(91)-6352214662
4,Navadiya Skin Clinic,Near Sudhama Chowk.. |,07947080117
5,Elegance Hair And Cosmetic ..,"L P Savani Road, A.. |",07947255342
6,Elegance The Surat Hair And..,"Canal Road, Vesu.. |",07947078692
7,Sparsh Skin & Hair Clinic,"Sudama Chowk, Mota.. |",+(91)-7401000020
8,Heritage Hospital,"Bank Of Baroda, Ba.. |",07947081431
9,Radhe Skin Hair Care Clinic,"Bhagal Char Rasta,.. |",07947255423
10,Shubham Skin Clinic (Dr. Bh..,"L H Road, Varachha.. |",+(91)-9909508040
11,Bliss Skin & Shape Clinic,"Pal, Adajan Dn.. |",07947255678
12,Sparsh Skin Care,"St Xaviers School,.. |",+(91)-261-2651888
13,Hasti Dental and Skin Care,"Ram Katha Road, Ka.. |",+(91)-9426229502
14,The Hair World,"Near Sudama Chowk,.. |",+(91)-7698516516
15,Jiva Ayurveda Clinic,"L P Sawani Road, A.. |",+(91)-8826414541
16,Dr. Parasben Parsana (Yuva ..,Near Dabholi Char .. |,+(91)-8238637333
17,Dr. Vandana Dave (Shivam Sk..,"Ram Petrol, Anand .. |",+(91)-2629-2781771
18,Umrakh Hospital,"Baben, Bardoli.. |",+(91)-02622-222300
19,Om Poly Clinic,National Stationar.. |,+(91)-9712554466
