,Data to be filtered
0,"[<p><b>Brand Name</b>: <span>IBANDRONATE SODIUM</span> </p>, <p><b>Generic Name</b>: <span>IBANDRONATE SODIUM</span></p>, <p><b>Drug Type</b>: HUMAN PRESCRIPTION DRUG</p>, <p><b>Route</b>: <span>ORAL</span></p>, <p><b>Dosage Form</b>: TABLET, FILM COATED</p>, <p><b>Data Current As Of</b>: 2018-11-26</p>]"
1,"[<p><b>Brand Name</b>: <span>IBANDRONATE SODIUM</span> </p>, <p><b>Generic Name</b>: <span>IBANDRONATE SODIUM</span></p>, <p><b>Drug Type</b>: HUMAN PRESCRIPTION DRUG</p>, <p><b>Route</b>: <span>INTRAVENOUS</span></p>, <p><b>Dosage Form</b>: INJECTION, SOLUTION</p>, <p><b>Data Current As Of</b>: 2018-11-15</p>]"
2,"[<p><b>Brand Name</b>: <span>Ibrance</span>
<meta content=""true"" itemprop=""isProprietary""/></p>, <p><b>Generic Name</b>: <span>PALBOCICLIB</span></p>, <p><b>Drug Type</b>: HUMAN PRESCRIPTION DRUG</p>, <p><b>Route</b>: <span>ORAL</span></p>, <p><b>Dosage Form</b>: TABLET, FILM COATED</p>, <p><b>Packager</b>: Pfizer Laboratories Div Pfizer Inc</p>, <p><b>Data Current As Of</b>: 2021-02-11</p>]"
3,"[<p><b>Brand Name</b>: <span>Ibrance</span> <meta content=""true"" itemprop=""isProprietary""/></p>, <p><b>Generic Name</b>: <span>PALBOCICLIB</span></p>, <p><b>Drug Type</b>: HUMAN PRESCRIPTION DRUG</p>, <p><b>Route</b>: <span>ORAL</span></p>, <p><b>Dosage Form</b>: CAPSULE</p>, <p><b>Data Current As Of</b>: 2019-09-30</p>]"
4,"[<p><b>Brand Name</b>: <span>IBSRELA</span>
<meta content=""true"" itemprop=""isProprietary""/></p>, <p><b>Generic Name</b>: <span>TENAPANOR HYDROCHLORIDE</span></p>, <p><b>Drug Type</b>: HUMAN PRESCRIPTION DRUG</p>, <p>
</p>, <p><b>Route</b>: <span>ORAL</span></p>, <p><b>Dosage Form</b>: TABLET</p>, <p><b>Packager</b>: Ardelyx, Inc.</p>, <p><b>Data Current As Of</b>: 2021-06-14</p>, <p>
</p>]"
5,"[<p><b>Brand Name</b>: <span>IBU</span> </p>, <p><b>Generic Name</b>: <span>IBUPROFEN</span></p>, <p><b>Drug Type</b>: HUMAN PRESCRIPTION DRUG</p>, <p><b>Route</b>: <span>ORAL</span></p>, <p><b>Dosage Form</b>: TABLET</p>, <p><b>Data Current As Of</b>: 2018-10-05</p>]"
6,"[<p><b>Brand Name</b>: <span>IBUDONE</span> </p>, <p><b>Generic Name</b>: <span>HYDROCODONE BITARTRATE AND IBUPROFEN</span></p>, <p><b>Drug Type</b>: HUMAN PRESCRIPTION DRUG</p>, <p><b>Route</b>: <span>ORAL</span></p>, <p><b>Dosage Form</b>: TABLET, FILM COATED</p>, <p><b>Data Current As Of</b>: 2019-02-04</p>]"
7,"[<p><b>Brand Name</b>: <span>Ibuprofen</span> </p>, <p><b>Generic Name</b>: <span>IBUPROFEN</span></p>, <p><b>Drug Type</b>: HUMAN OTC DRUG</p>, <p><b>Route</b>: <span>ORAL</span></p>, <p><b>Dosage Form</b>: TABLET, COATED</p>, <p><b>Data Current As Of</b>: 2018-11-15</p>]"
8,"[<p><b>Brand Name</b>: <span>Ibuprofen</span>
<meta content=""true"" itemprop=""isProprietary""/></p>, <p><b>Generic Name</b>: <span>IBUPROFEN</span></p>, <p><b>Drug Type</b>: HUMAN OTC DRUG</p>, <p><b>Route</b>: <span>ORAL</span></p>, <p><b>Dosage Form</b>: TABLET, FILM COATED</p>, <p><b>Packager</b>: Wal-Mart Stores Inc</p>, <p><b>Data Current As Of</b>: 2021-02-11</p>]"
9,"[<p><b>Brand Name</b>: <span>ibuprofen</span> </p>, <p><b>Generic Name</b>: <span>IBUPROFEN</span></p>, <p><b>Drug Type</b>: HUMAN OTC DRUG</p>, <p><b>Route</b>: <span>ORAL</span></p>, <p><b>Dosage Form</b>: TABLET, CHEWABLE</p>, <p><b>Data Current As Of</b>: 2018-11-15</p>]"
10,"[<p><b>Brand Name</b>: <span>Ibuprofen</span> </p>, <p><b>Generic Name</b>: <span>IBUPROFEN</span></p>, <p><b>Drug Type</b>: HUMAN OTC DRUG</p>, <p><b>Route</b>: <span>ORAL</span></p>, <p><b>Dosage Form</b>: CAPSULE, LIQUID FILLED</p>, <p><b>Data Current As Of</b>: 2018-11-15</p>]"
11,"[<p><b>Brand Name</b>: <span>Ibuprofen</span>
<meta content=""true"" itemprop=""isProprietary""/></p>, <p><b>Generic Name</b>: <span>IBUPROFEN ORAL</span></p>, <p><b>Drug Type</b>: HUMAN PRESCRIPTION DRUG</p>, <p><b>Route</b>: <span>ORAL</span></p>, <p><b>Dosage Form</b>: SUSPENSION</p>, <p><b>Packager</b>: Aurobindo Pharma Limited</p>, <p><b>Data Current As Of</b>: 2021-03-22</p>]"
12,"[<p><b>Brand Name</b>: <span>Ibuprofen (NSAID) <a class=""Link"" href=""/right-care/symptoms-and-conditions/pain"" target=""_blank"">Pain</a> Releiver/ Fever Reducer</span>
<meta content=""true"" itemprop=""isProprietary""/></p>, <p><b>Generic Name</b>: <span>IBUPROFEN</span></p>, <p><b>Drug Type</b>: HUMAN OTC DRUG</p>, <p><b>Route</b>: <span>ORAL</span></p>, <p><b>Dosage Form</b>: TABLET</p>, <p><b>Packager</b>: Amneal Pharmaceuticals of New York LLC</p>, <p><b>Data Current As Of</b>: 2021-02-11</p>]"
13,"[<p><b>Brand Name</b>: <span>Ibuprofen 200</span> <meta content=""true"" itemprop=""isProprietary""/></p>, <p><b>Generic Name</b>: <span>IBUPROFEN</span></p>, <p><b>Drug Type</b>: HUMAN OTC DRUG</p>, <p><b>Route</b>: <span>ORAL</span></p>, <p><b>Dosage Form</b>: TABLET, COATED</p>, <p><b>Data Current As Of</b>: 2020-02-17</p>]"
14,"[<p><b>Brand Name</b>: <span>Ibuprofen 200mg</span> <meta content=""true"" itemprop=""isProprietary""/></p>, <p><b>Generic Name</b>: <span>IBUPROFEN 200MG</span></p>, <p><b>Drug Type</b>: HUMAN OTC DRUG</p>, <p><b>Route</b>: <span>ORAL</span></p>, <p><b>Dosage Form</b>: TABLET, COATED</p>, <p><b>Data Current As Of</b>: 2020-02-03</p>]"
15,"[<p><b>Brand Name</b>: <span>Ibuprofen and Diphenhydramine HCl</span> </p>, <p><b>Generic Name</b>: <span>IBUPROFEN, DIPHENHYDRAMINE HCL</span></p>, <p><b>Drug Type</b>: HUMAN OTC DRUG</p>, <p><b>Route</b>: <span>ORAL</span></p>, <p><b>Dosage Form</b>: CAPSULE, LIQUID FILLED</p>, <p><b>Data Current As Of</b>: 2018-12-10</p>]"
16,"[<p><b>Brand Name</b>: <span>Ibuprofen and Pseudoephedrine HCl</span> <meta content=""true"" itemprop=""isProprietary""/></p>, <p><b>Generic Name</b>: <span>IBUPROFEN AND PSEUDOEPHEDRINE HCL</span></p>, <p><b>Drug Type</b>: HUMAN OTC DRUG</p>, <p><b>Route</b>: <span>ORAL</span></p>, <p><b>Dosage Form</b>: CAPSULE, LIQUID FILLED</p>, <p><b>Data Current As Of</b>: 2020-05-11</p>]"
17,"[<p><b>Brand Name</b>: <span>Ibuprofen and Pseudoephedrine Hydrochloride</span> </p>, <p><b>Generic Name</b>: <span>IBUPROFEN AND PSEUDOEPHEDRINE HYDROCHLORIDE</span></p>, <p><b>Drug Type</b>: HUMAN OTC DRUG</p>, <p><b>Route</b>: <span>ORAL</span></p>, <p><b>Dosage Form</b>: TABLET, COATED</p>, <p><b>Data Current As Of</b>: 2018-10-07</p>]"
18,"[<p><b>Brand Name</b>: <span>Ibuprofen and Pseudoephedrine Hydrochloride</span> </p>, <p><b>Generic Name</b>: <span>IBUPROFEN AND PSEUDOEPHEDRINE HYDROCHLORIDE</span></p>, <p><b>Drug Type</b>: HUMAN OTC DRUG</p>, <p><b>Route</b>: <span>ORAL</span></p>, <p><b>Dosage Form</b>: TABLET, SUGAR COATED</p>, <p><b>Data Current As Of</b>: 2018-11-15</p>]"
19,"[<p><b>Brand Name</b>: <span>Ibuprofen Childrens</span> </p>, <p><b>Generic Name</b>: <span>IBUPROFEN</span></p>, <p><b>Drug Type</b>: HUMAN OTC DRUG</p>, <p><b>Route</b>: <span>ORAL</span></p>, <p><b>Dosage Form</b>: SUSPENSION</p>, <p><b>Data Current As Of</b>: 2018-11-15</p>]"
20,"[<p><b>Brand Name</b>: <span>Ibuprofen Dye Free</span>
<meta content=""true"" itemprop=""isProprietary""/></p>, <p><b>Generic Name</b>: <span>IBUPROFEN</span></p>, <p><b>Drug Type</b>: HUMAN OTC DRUG</p>, <p><b>Route</b>: <span>ORAL</span></p>, <p><b>Dosage Form</b>: TABLET, FILM COATED</p>, <p><b>Packager</b>: CVS Pharmacy</p>, <p><b>Data Current As Of</b>: 2021-02-11</p>]"
21,"[<p><b>Brand Name</b>: <span>Ibuprofen Dye-Free</span> <meta content=""true"" itemprop=""isProprietary""/></p>, <p><b>Generic Name</b>: <span>IBUPROFEN</span></p>, <p><b>Drug Type</b>: HUMAN OTC DRUG</p>, <p><b>Route</b>: <span>ORAL</span></p>, <p><b>Dosage Form</b>: TABLET, FILM COATED</p>, <p><b>Data Current As Of</b>: 2020-03-23</p>]"
22,"[<p><b>Brand Name</b>: <span>ibuprofen ib</span> </p>, <p><b>Generic Name</b>: <span>IBUPROFEN</span></p>, <p><b>Drug Type</b>: HUMAN OTC DRUG</p>, <p><b>Route</b>: <span>ORAL</span></p>, <p><b>Dosage Form</b>: TABLET, COATED</p>, <p><b>Data Current As Of</b>: 2018-11-15</p>]"
23,"[<p><b>Brand Name</b>: <span>ibuprofen ib</span> </p>, <p><b>Generic Name</b>: <span>IBUPROFEN</span></p>, <p><b>Drug Type</b>: HUMAN OTC DRUG</p>, <p><b>Route</b>: <span>ORAL</span></p>, <p><b>Dosage Form</b>: TABLET, FILM COATED</p>, <p><b>Data Current As Of</b>: 2018-11-15</p>]"
24,"[<p><b>Brand Name</b>: <span>IBUPROFEN IMMEDIATE RELEASE</span> <meta content=""true"" itemprop=""isProprietary""/></p>, <p><b>Generic Name</b>: <span>IBUPROFEN</span></p>, <p><b>Drug Type</b>: HUMAN OTC DRUG</p>, <p><b>Route</b>: <span>ORAL</span></p>, <p><b>Dosage Form</b>: TABLET, COATED</p>, <p><b>Data Current As Of</b>: 2019-12-30</p>]"
25,"[<p><b>Brand Name</b>: <span>ibuprofen infants</span> </p>, <p><b>Generic Name</b>: <span>IBUPROFEN</span></p>, <p><b>Drug Type</b>: HUMAN OTC DRUG</p>, <p><b>Route</b>: <span>ORAL</span></p>, <p><b>Dosage Form</b>: SUSPENSION</p>, <p><b>Data Current As Of</b>: 2018-11-26</p>]"
26,"[<p><b>Brand Name</b>: <span>Ibuprofen Lysine</span> <meta content=""true"" itemprop=""isProprietary""/></p>, <p><b>Generic Name</b>: <span>IBUPROFEN LYSINE</span></p>, <p><b>Drug Type</b>: HUMAN PRESCRIPTION DRUG</p>, <p><b>Route</b>: <span>INTRAVENOUS</span></p>, <p><b>Dosage Form</b>: SOLUTION</p>, <p><b>Data Current As Of</b>: 2020-02-03</p>]"
27,"[<p><b>Brand Name</b>: <span>Ibuprofen mini</span> </p>, <p><b>Generic Name</b>: <span>IBUPROFEN MINI</span></p>, <p><b>Drug Type</b>: HUMAN OTC DRUG</p>, <p><b>Route</b>: <span>ORAL</span></p>, <p><b>Dosage Form</b>: CAPSULE, LIQUID FILLED</p>, <p><b>Data Current As Of</b>: 2019-05-20</p>]"
28,"[<p><b>Brand Name</b>: <span>Ibuprofen minis</span> </p>, <p><b>Generic Name</b>: <span>IBUPROFEN</span></p>, <p><b>Drug Type</b>: HUMAN OTC DRUG</p>, <p><b>Route</b>: <span>ORAL</span></p>, <p><b>Dosage Form</b>: CAPSULE, LIQUID FILLED</p>, <p><b>Data Current As Of</b>: 2019-05-20</p>]"
29,"[<p><b>Brand Name</b>: <span>Ibuprofen Oral</span>
<meta content=""true"" itemprop=""isProprietary""/></p>, <p><b>Generic Name</b>: <span>IBUPROFEN ORAL</span></p>, <p><b>Drug Type</b>: HUMAN PRESCRIPTION DRUG</p>, <p><b>Route</b>: <span>ORAL</span></p>, <p><b>Dosage Form</b>: SUSPENSION</p>, <p><b>Packager</b>: Bryant Ranch Prepack</p>, <p><b>Data Current As Of</b>: 2021-02-22</p>]"
30,"[<p><b>Brand Name</b>: <span>Ibuprofen Pain Releiver/ <a class=""Link"" href=""/right-care/symptoms-and-conditions/fever"" target=""_blank"">Fever</a> Reducer</span> </p>, <p><b>Generic Name</b>: <span>IBUPROFEN</span></p>, <p><b>Drug Type</b>: HUMAN OTC DRUG</p>, <p><b>Route</b>: <span>ORAL</span></p>, <p><b>Dosage Form</b>: TABLET</p>, <p><b>Data Current As Of</b>: 2019-05-20</p>]"
31,"[<p><b>Brand Name</b>: <span>Ibuprofen <a class=""Link"" href=""/right-care/symptoms-and-conditions/pain"" target=""_blank"">Pain</a> Reliever/Fever Reducer</span> <meta content=""true"" itemprop=""isProprietary""/></p>, <p><b>Generic Name</b>: <span>IBUPROFEN</span></p>, <p><b>Drug Type</b>: HUMAN OTC DRUG</p>, <p><b>Route</b>: <span>ORAL</span></p>, <p><b>Dosage Form</b>: CAPSULE, LIQUID FILLED</p>, <p><b>Data Current As Of</b>: 2020-01-06</p>]"
32,"[<p><b>Brand Name</b>: <span>ibuprofen pm</span> </p>, <p><b>Generic Name</b>: <span>DIPHENHYDRAMINE CITRATE AND IBUPROFEN</span></p>, <p><b>Drug Type</b>: HUMAN OTC DRUG</p>, <p><b>Route</b>: <span>ORAL</span></p>, <p><b>Dosage Form</b>: TABLET, FILM COATED</p>, <p><b>Data Current As Of</b>: 2019-02-11</p>]"
33,"[<p><b>Brand Name</b>: <span>ibuprofen pm</span> </p>, <p><b>Generic Name</b>: <span>DIPHENHYDRAMINE CITRATE, IBUPROFEN</span></p>, <p><b>Drug Type</b>: HUMAN OTC DRUG</p>, <p><b>Route</b>: <span>ORAL</span></p>, <p><b>Dosage Form</b>: TABLET, COATED</p>, <p><b>Data Current As Of</b>: 2018-12-03</p>]"
34,"[<p><b>Brand Name</b>: <span>Ibuprofen PM</span> </p>, <p><b>Generic Name</b>: <span>DIPHENHYDRAMINE HYDROCHLORIDE, IBUPROFEN</span></p>, <p><b>Drug Type</b>: HUMAN OTC DRUG</p>, <p><b>Route</b>: <span>ORAL</span></p>, <p><b>Dosage Form</b>: CAPSULE, LIQUID FILLED</p>, <p><b>Data Current As Of</b>: 2018-10-07</p>]"
35,"[<p><b>Brand Name</b>: <span>Ibuprofen Sodium</span> <meta content=""true"" itemprop=""isProprietary""/></p>, <p><b>Generic Name</b>: <span>IBUPROFEN</span></p>, <p><b>Drug Type</b>: HUMAN OTC DRUG</p>, <p><b>Route</b>: <span>ORAL</span></p>, <p><b>Dosage Form</b>: TABLET, FILM COATED</p>, <p><b>Data Current As Of</b>: 2019-12-09</p>]"
36,"[<p><b>Brand Name</b>: <span>Ibuprofen softgels</span> <meta content=""true"" itemprop=""isProprietary""/></p>, <p><b>Generic Name</b>: <span>IBUPROFEN</span></p>, <p><b>Drug Type</b>: HUMAN OTC DRUG</p>, <p><b>Route</b>: <span>ORAL</span></p>, <p><b>Dosage Form</b>: CAPSULE, LIQUID FILLED</p>, <p><b>Data Current As Of</b>: 2019-11-18</p>]"
37,"[<p><b>Brand Name</b>: <span>Ibutab</span> <meta content=""true"" itemprop=""isProprietary""/></p>, <p><b>Generic Name</b>: <span>IBUPROFEN</span></p>, <p><b>Drug Type</b>: HUMAN OTC DRUG</p>, <p> </p>, <p><b>Route</b>: <span>ORAL</span></p>, <p><b>Dosage Form</b>: TABLET</p>, <p><b>Data Current As Of</b>: 2019-10-07</p>]"
38,"[<p><b>Brand Name</b>: <span>Ibutilide Fumarate</span> <meta content=""true"" itemprop=""isProprietary""/></p>, <p><b>Generic Name</b>: <span>IBUTILIDE FUMARATE</span></p>, <p><b>Drug Type</b>: HUMAN PRESCRIPTION DRUG</p>, <p><b>Route</b>: <span>INTRAVENOUS</span></p>, <p><b>Dosage Form</b>: INJECTION, SOLUTION</p>, <p><b>Data Current As Of</b>: 2020-05-18</p>]"
39,"[<p><b>Brand Name</b>: <span>IC-Green</span> </p>, <p><b>Generic Name</b>: <span>INDOCYANINE GREEN</span></p>, <p><b>Drug Type</b>: HUMAN PRESCRIPTION DRUG</p>, <p><b>Route</b>: <span>INTRAVENOUS</span></p>, <p><b>Dosage Form</b>: INJECTION, POWDER, LYOPHILIZED, FOR SOLUTION</p>, <p><b>Data Current As Of</b>: 2018-10-07</p>]"
40,"[<p><b>Brand Name</b>: <span>Icatibant</span> <meta content=""true"" itemprop=""isProprietary""/></p>, <p><b>Generic Name</b>: <span>ICATIBANT</span></p>, <p><b>Drug Type</b>: HUMAN PRESCRIPTION DRUG</p>, <p><b>Route</b>: <span>SUBCUTANEOUS</span></p>, <p><b>Dosage Form</b>: INJECTION, SOLUTION</p>, <p><b>Data Current As Of</b>: 2019-09-02</p>]"
41,"[<p><b>Brand Name</b>: <span>ICELAND BRIGHTENING WATERY CREA M</span> </p>, <p><b>Generic Name</b>: <span>DIMETHICONE</span></p>, <p><b>Drug Type</b>: HUMAN OTC DRUG</p>, <p><b>Route</b>: <span>TOPICAL</span></p>, <p><b>Dosage Form</b>: CREAM</p>, <p><b>Data Current As Of</b>: 2018-10-07</p>]"
42,"[<p><b>Brand Name</b>: <span>Iclevia</span> </p>, <p><b>Generic Name</b>: <span>LEVONORGESTREL AND ETHINYL ESTRADIOL</span></p>, <p><b>Drug Type</b>: HUMAN PRESCRIPTION DRUG</p>, <p><b>Dosage Form</b>: KIT</p>, <p><b>Data Current As Of</b>: 2018-10-05</p>]"
43,"[<p><b>Brand Name</b>: <span>Iclusig</span>
<meta content=""true"" itemprop=""isProprietary""/></p>, <p><b>Generic Name</b>: <span>PONATINIB HYDROCHLORIDE</span></p>, <p><b>Drug Type</b>: HUMAN PRESCRIPTION DRUG</p>, <p><b>Route</b>: <span>ORAL</span></p>, <p><b>Dosage Form</b>: TABLET, FILM COATED</p>, <p><b>Packager</b>: Millennium Pharmaceuticals, Inc.</p>, <p><b>Data Current As Of</b>: 2021-02-11</p>]"
44,"[<p><b>Brand Name</b>: <span>Icosapent</span>
<meta content=""true"" itemprop=""isProprietary""/></p>, <p><b>Generic Name</b>: <span>ICOSAPENT ETHYL</span></p>, <p><b>Drug Type</b>: HUMAN PRESCRIPTION DRUG</p>, <p><b>Route</b>: <span>ORAL</span></p>, <p><b>Dosage Form</b>: CAPSULE</p>, <p><b>Packager</b>: Dr. Reddy's Laboratories, Inc.</p>, <p><b>Data Current As Of</b>: 2021-09-02</p>]"
45,"[<p><b>Brand Name</b>: <span>Icosapent Ethyl</span>
<meta content=""true"" itemprop=""isProprietary""/></p>, <p><b>Generic Name</b>: <span>ICOSAPENT ETHYL</span></p>, <p><b>Drug Type</b>: HUMAN PRESCRIPTION DRUG</p>, <p><b>Route</b>: <span>ORAL</span></p>, <p><b>Dosage Form</b>: CAPSULE</p>, <p><b>Packager</b>: Hikma Pharmaceuticals USA Inc.</p>, <p><b>Data Current As Of</b>: 2021-04-26</p>]"
46,"[<p><b>Brand Name</b>: <span>Icy Hot No Mess Vapor Cough Suppresant</span> </p>, <p><b>Generic Name</b>: <span>CAMPHOR AND EUCALYPTUS OIL AND MENTHOL</span></p>, <p><b>Drug Type</b>: HUMAN OTC DRUG</p>, <p><b>Route</b>: <span>TOPICAL</span></p>, <p><b>Dosage Form</b>: GEL</p>, <p><b>Data Current As Of</b>: 2018-10-07</p>]"
47,"[<p><b>Brand Name</b>: <span>Icy Hot No Mess Vapor Cough Suppresant for Kids</span> </p>, <p><b>Generic Name</b>: <span>CAMPHOR AND EUCALYPTUS OIL AND MENTHOL</span></p>, <p><b>Drug Type</b>: HUMAN OTC DRUG</p>, <p><b>Route</b>: <span>TOPICAL</span></p>, <p><b>Dosage Form</b>: GEL</p>, <p><b>Data Current As Of</b>: 2018-10-07</p>]"
48,"[<p><b>Brand Name</b>: <span>ID CLARIFYING BODY</span> </p>, <p><b>Generic Name</b>: <span>SALICYLIC ACID</span></p>, <p><b>Drug Type</b>: HUMAN OTC DRUG</p>, <p> </p>, <p><b>Route</b>: <span>TOPICAL</span></p>, <p><b>Dosage Form</b>: SOAP</p>, <p><b>Data Current As Of</b>: 2018-10-07</p>]"
49,"[<p><b>Brand Name</b>: <span>Idamycin PFS</span>
<meta content=""true"" itemprop=""isProprietary""/></p>, <p><b>Generic Name</b>: <span>IDARUBICIN HYDROCHLORIDE</span></p>, <p><b>Drug Type</b>: HUMAN PRESCRIPTION DRUG</p>, <p>
</p>, <p><b>Route</b>: <span>INTRAVENOUS</span></p>, <p><b>Dosage Form</b>: SOLUTION</p>, <p><b>Packager</b>: Pharmacia &amp; Upjohn Company LLC</p>, <p><b>Data Current As Of</b>: 2021-03-08</p>, <p>
</p>]"
50,"[<p><b>Brand Name</b>: <span>Idarubicin Hydrochloride</span> <meta content=""true"" itemprop=""isProprietary""/></p>, <p><b>Generic Name</b>: <span>IDARUBICIN HYDROCHLORIDE</span></p>, <p><b>Drug Type</b>: HUMAN PRESCRIPTION DRUG</p>, <p> </p>, <p><b>Route</b>: <span>INTRAVENOUS</span></p>, <p><b>Dosage Form</b>: INJECTION, SOLUTION</p>, <p><b>Data Current As Of</b>: 2020-01-06</p>]"
51,"[<p><b>Brand Name</b>: <span>Idhifa</span>
<meta content=""true"" itemprop=""isProprietary""/></p>, <p><b>Generic Name</b>: <span>ENASIDENIB MESYLATE</span></p>, <p><b>Drug Type</b>: HUMAN PRESCRIPTION DRUG</p>, <p><b>Route</b>: <span>ORAL</span></p>, <p><b>Dosage Form</b>: TABLET, FILM COATED</p>, <p><b>Packager</b>: Celgene Corporation</p>, <p><b>Data Current As Of</b>: 2021-02-11</p>]"
52,"[<p><b>Brand Name</b>: <span>IFEX</span> <meta content=""true"" itemprop=""isProprietary""/></p>, <p><b>Generic Name</b>: <span>IFOSFAMIDE</span></p>, <p><b>Drug Type</b>: HUMAN PRESCRIPTION DRUG</p>, <p><b>Route</b>: <span>INTRAVENOUS</span></p>, <p><b>Dosage Form</b>: INJECTION, POWDER, FOR SOLUTION</p>, <p><b>Data Current As Of</b>: 2020-01-13</p>]"
53,"[<p><b>Brand Name</b>: <span>Ifosfamide</span> <meta content=""true"" itemprop=""isProprietary""/></p>, <p><b>Generic Name</b>: <span>IFOSFAMIDE</span></p>, <p><b>Drug Type</b>: HUMAN PRESCRIPTION DRUG</p>, <p><b>Route</b>: <span>INTRAVENOUS</span></p>, <p><b>Dosage Form</b>: INJECTION, SOLUTION</p>, <p><b>Data Current As Of</b>: 2019-10-07</p>]"
54,"[<p><b>Brand Name</b>: <span>IFOSFAMIDE</span> <meta content=""true"" itemprop=""isProprietary""/></p>, <p><b>Generic Name</b>: <span>IFOSFAMIDE</span></p>, <p><b>Drug Type</b>: HUMAN PRESCRIPTION DRUG</p>, <p><b>Route</b>: <span>INTRAVENOUS</span></p>, <p><b>Dosage Form</b>: INJECTION, POWDER, FOR SOLUTION</p>, <p><b>Data Current As Of</b>: 2020-01-20</p>]"
55,"[<p><b>Brand Name</b>: <span>Ifosfamide</span> <meta content=""true"" itemprop=""isProprietary""/></p>, <p><b>Generic Name</b>: <span>IFOSFAMIDE</span></p>, <p><b>Drug Type</b>: HUMAN PRESCRIPTION DRUG</p>, <p><b>Route</b>: <span>INTRAVENOUS</span></p>, <p><b>Dosage Form</b>: INJECTION, POWDER, LYOPHILIZED, FOR SOLUTION</p>, <p><b>Data Current As Of</b>: 2019-10-21</p>]"
56,"[<p><b>Brand Name</b>: <span>Igualtuss</span> </p>, <p><b>Generic Name</b>: <span>DEXTROMETHORPHAN HBR, GUAIFENESIN, PHENYLEPHRINE HCL</span></p>, <p><b>Drug Type</b>: HUMAN OTC DRUG</p>, <p> </p>, <p><b>Route</b>: <span>ORAL</span></p>, <p><b>Dosage Form</b>: LIQUID</p>, <p><b>Data Current As Of</b>: 2018-10-07</p>]"
57,"[<p><b>Brand Name</b>: <span>Ilaris</span> <meta content=""true"" itemprop=""isProprietary""/></p>, <p><b>Generic Name</b>: <span>CANAKINUMAB</span></p>, <p><b>Drug Type</b>: HUMAN PRESCRIPTION DRUG</p>, <p> </p>, <p><b>Route</b>: <span>SUBCUTANEOUS</span></p>, <p><b>Dosage Form</b>: INJECTION, SOLUTION</p>, <p><b>Data Current As Of</b>: 2019-09-23</p>]"
58,"[<p><b>Brand Name</b>: <span>ILEVRO</span>
<meta content=""true"" itemprop=""isProprietary""/></p>, <p><b>Generic Name</b>: <span>NEPAFENAC</span></p>, <p><b>Drug Type</b>: HUMAN PRESCRIPTION DRUG</p>, <p>
</p>, <p><b>Route</b>: <span>OPHTHALMIC</span></p>, <p><b>Dosage Form</b>: SUSPENSION</p>, <p><b>Packager</b>: Alcon Laboratories, Inc.</p>, <p><b>Data Current As Of</b>: 2021-10-11</p>, <p>
</p>]"
59,"[<p><b>Brand Name</b>: <span>Iloperidone</span> </p>, <p><b>Generic Name</b>: <span>ILOPERIDONE</span></p>, <p><b>Drug Type</b>: HUMAN PRESCRIPTION DRUG</p>, <p><b>Route</b>: <span>ORAL</span></p>, <p><b>Dosage Form</b>: TABLET</p>, <p><b>Data Current As Of</b>: 2019-03-04</p>]"
60,"[<p><b>Brand Name</b>: <span>ILUMYA</span>
<meta content=""true"" itemprop=""isProprietary""/></p>, <p><b>Generic Name</b>: <span>TILDRAKIZUMAB-ASMN</span></p>, <p><b>Drug Type</b>: HUMAN PRESCRIPTION DRUG</p>, <p><b>Route</b>: <span>SUBCUTANEOUS</span></p>, <p><b>Dosage Form</b>: INJECTION, SOLUTION</p>, <p><b>Packager</b>: Sun Pharmaceutical Industries, Inc.</p>, <p><b>Data Current As Of</b>: 2021-04-12</p>]"
61,"[<p><b>Brand Name</b>: <span>Iluvien</span> <meta content=""true"" itemprop=""isProprietary""/></p>, <p><b>Generic Name</b>: <span>FLUOCINOLONE ACETONIDE</span></p>, <p><b>Drug Type</b>: HUMAN PRESCRIPTION DRUG</p>, <p><b>Route</b>: <span>INTRAVITREAL</span></p>, <p><b>Dosage Form</b>: IMPLANT</p>, <p><b>Data Current As Of</b>: 2019-12-09</p>]"
62,"[<p><b>Brand Name</b>: <span>Imatinib</span>
<meta content=""true"" itemprop=""isProprietary""/></p>, <p><b>Generic Name</b>: <span>IMATINIB</span></p>, <p><b>Drug Type</b>: HUMAN PRESCRIPTION DRUG</p>, <p>
</p>, <p><b>Route</b>: <span>ORAL</span></p>, <p><b>Dosage Form</b>: TABLET</p>, <p><b>Packager</b>: Dr.Reddy's Laboratories Inc</p>, <p><b>Data Current As Of</b>: 2021-06-28</p>, <p>
</p>]"
63,"[<p><b>Brand Name</b>: <span>IMATINIB MESYLATE</span>
<meta content=""true"" itemprop=""isProprietary""/></p>, <p><b>Generic Name</b>: <span>IMATINIB MESYLATE</span></p>, <p><b>Drug Type</b>: HUMAN PRESCRIPTION DRUG</p>, <p>
</p>, <p><b>Route</b>: <span>ORAL</span></p>, <p><b>Dosage Form</b>: TABLET, COATED</p>, <p><b>Packager</b>: Breckenridge Pharmaceutical, Inc.</p>, <p><b>Data Current As Of</b>: 2021-10-11</p>, <p>
</p>]"
64,"[<p><b>Brand Name</b>: <span>Imatinib Mesylate</span> <meta content=""true"" itemprop=""isProprietary""/></p>, <p><b>Generic Name</b>: <span>IMATINIB</span></p>, <p><b>Drug Type</b>: HUMAN PRESCRIPTION DRUG</p>, <p><b>Route</b>: <span>ORAL</span></p>, <p><b>Dosage Form</b>: TABLET, FILM COATED</p>, <p><b>Data Current As Of</b>: 2020-02-17</p>]"
65,"[<p><b>Brand Name</b>: Imbruvica     <meta content=""true"" itemprop=""isProprietary""/></p>, <p><b>Generic Name</b>: IBRUTINIB</p>, <p><b>Drug Type</b>: HUMAN PRESCRIPTION DRUG</p>, <p><b>Route</b>: ORAL</p>, <p><b>Dosage Form</b>: TABLET, FILM COATED</p>, <p><b>Data Current As Of</b>: 2019-12-09</p>]"
66,"[<p><b>Brand Name</b>: <span>Imcivree</span>
<meta content=""true"" itemprop=""isProprietary""/></p>, <p><b>Generic Name</b>: <span>SETMELANOTIDE</span></p>, <p><b>Drug Type</b>: HUMAN PRESCRIPTION DRUG</p>, <p>
</p>, <p><b>Route</b>: <span>SUBCUTANEOUS</span></p>, <p><b>Dosage Form</b>: SOLUTION</p>, <p><b>Packager</b>: Rhythm Pharmaceuticals, Inc</p>, <p><b>Data Current As Of</b>: 2021-04-26</p>, <p>
</p>]"
67,"[<p><b>Brand Name</b>: <span>IMFINZI</span>
<meta content=""true"" itemprop=""isProprietary""/></p>, <p><b>Generic Name</b>: <span>DURVALUMAB</span></p>, <p><b>Drug Type</b>: HUMAN PRESCRIPTION DRUG</p>, <p>
</p>, <p><b>Route</b>: <span>INTRAVENOUS</span></p>, <p><b>Dosage Form</b>: INJECTION, SOLUTION</p>, <p><b>Packager</b>: AstraZeneca Pharmaceuticals LP</p>, <p><b>Data Current As Of</b>: 2021-02-11</p>, <p>
</p>]"
68,"[<p><b>Brand Name</b>: <span>Imipenem and Cilastatin</span> </p>, <p><b>Generic Name</b>: <span>IMIPENEM AND CILASTATIN SODIUM</span></p>, <p><b>Drug Type</b>: HUMAN PRESCRIPTION DRUG</p>, <p><b>Route</b>: <span>INTRAVENOUS</span></p>, <p><b>Dosage Form</b>: INJECTION, POWDER, FOR SOLUTION</p>, <p><b>Data Current As Of</b>: 2018-10-05</p>]"
69,"[<p><b>Brand Name</b>: <span>Imipramine Hydrochloride</span> </p>, <p><b>Generic Name</b>: <span>IMIPRAMINE HYDROCHLORIDE</span></p>, <p><b>Drug Type</b>: HUMAN PRESCRIPTION DRUG</p>, <p><b>Route</b>: <span>ORAL</span></p>, <p><b>Dosage Form</b>: TABLET, FILM COATED</p>, <p><b>Data Current As Of</b>: 2018-10-11</p>]"
70,"[<p><b>Brand Name</b>: <span>Imipramine Pamoate</span>
<meta content=""true"" itemprop=""isProprietary""/></p>, <p><b>Generic Name</b>: <span>IMIPRAMINE PAMOATE</span></p>, <p><b>Drug Type</b>: HUMAN PRESCRIPTION DRUG</p>, <p>
</p>, <p><b>Route</b>: <span>ORAL</span></p>, <p><b>Dosage Form</b>: CAPSULE</p>, <p><b>Packager</b>: Lupin Pharmaceuticals, Inc.</p>, <p><b>Data Current As Of</b>: 2021-08-30</p>, <p>
</p>]"
71,"[<p><b>Brand Name</b>: <span>imiquimod</span> </p>, <p><b>Generic Name</b>: <span>IMIQUIMOD</span></p>, <p><b>Drug Type</b>: HUMAN PRESCRIPTION DRUG</p>, <p><b>Route</b>: <span>TOPICAL</span></p>, <p><b>Dosage Form</b>: CREAM</p>, <p><b>Data Current As Of</b>: 2018-10-11</p>]"
72,"[<p><b>Brand Name</b>: <span>IMITREX</span>
<meta content=""true"" itemprop=""isProprietary""/></p>, <p><b>Generic Name</b>: <span>SUMATRIPTAN</span></p>, <p><b>Drug Type</b>: HUMAN PRESCRIPTION DRUG</p>, <p><b>Route</b>: <span>NASAL</span></p>, <p><b>Dosage Form</b>: SPRAY</p>, <p><b>Packager</b>: GlaxoSmithKline LLC</p>, <p><b>Data Current As Of</b>: 2021-08-09</p>]"
73,"[<p><b>Brand Name</b>: <span>IMITREX</span>
<meta content=""true"" itemprop=""isProprietary""/></p>, <p><b>Generic Name</b>: <span>SUMATRIPTAN</span></p>, <p><b>Drug Type</b>: HUMAN PRESCRIPTION DRUG</p>, <p><b>Route</b>: <span>SUBCUTANEOUS</span></p>, <p><b>Dosage Form</b>: INJECTION</p>, <p><b>Packager</b>: GlaxoSmithKline LLC</p>, <p><b>Data Current As Of</b>: 2021-08-09</p>]"
74,"[<p><b>Brand Name</b>: <span>IMITREX</span>
<meta content=""true"" itemprop=""isProprietary""/></p>, <p><b>Generic Name</b>: <span>SUMATRIPTAN</span></p>, <p><b>Drug Type</b>: HUMAN PRESCRIPTION DRUG</p>, <p><b>Route</b>: <span>ORAL</span></p>, <p><b>Dosage Form</b>: TABLET, FILM COATED</p>, <p><b>Packager</b>: GlaxoSmithKline LLC</p>, <p><b>Data Current As Of</b>: 2021-08-09</p>]"
75,"[<p><b>Brand Name</b>: <span>Imlygic</span> </p>, <p><b>Generic Name</b>: <span>TALIMOGENE LAHERPAREPVEC</span></p>, <p><b>Drug Type</b>: HUMAN PRESCRIPTION DRUG</p>, <p><b>Route</b>: <span>INTRALESIONAL</span></p>, <p><b>Dosage Form</b>: INJECTION, SUSPENSION</p>, <p><b>Data Current As Of</b>: 2018-12-10</p>]"
76,"[<p><b>Brand Name</b>: <span>Imodium A-D</span> <meta content=""true"" itemprop=""isProprietary""/></p>, <p><b>Generic Name</b>: <span>LOPERAMIDE HYDROCHLORIDE</span></p>, <p><b>Drug Type</b>: HUMAN OTC DRUG</p>, <p><b>Route</b>: <span>ORAL</span></p>, <p><b>Dosage Form</b>: CAPSULE, LIQUID FILLED</p>, <p><b>Data Current As Of</b>: 2020-04-13</p>]"
77,"[<p><b>Brand Name</b>: <span>Imodium A-D</span> </p>, <p><b>Generic Name</b>: <span>LOPERAMIDE HYDROCHLORIDE</span></p>, <p><b>Drug Type</b>: HUMAN OTC DRUG</p>, <p><b>Route</b>: <span>ORAL</span></p>, <p><b>Dosage Form</b>: SOLUTION</p>, <p><b>Data Current As Of</b>: 2018-10-07</p>]"
78,"[<p><b>Brand Name</b>: <span>Imodium A-D</span>
<meta content=""true"" itemprop=""isProprietary""/></p>, <p><b>Generic Name</b>: <span>LOPERAMIDE HYDROCHLORIDE</span></p>, <p><b>Drug Type</b>: HUMAN OTC DRUG</p>, <p><b>Route</b>: <span>ORAL</span></p>, <p><b>Dosage Form</b>: TABLET, FILM COATED</p>, <p><b>Packager</b>: Johnson &amp; Johnson Consumer Inc., McNeil Consumer Healthcare Division</p>, <p><b>Data Current As Of</b>: 2021-05-24</p>]"
79,"[<p><b>Brand Name</b>: <span>Imodium AD</span> </p>, <p><b>Generic Name</b>: <span>LOPERAMIDE HYDROCHLORIDE</span></p>, <p><b>Drug Type</b>: HUMAN OTC DRUG</p>, <p><b>Route</b>: <span>ORAL</span></p>, <p><b>Dosage Form</b>: TABLET, COATED</p>, <p><b>Data Current As Of</b>: 2018-10-07</p>]"
80,"[<p><b>Brand Name</b>: <span>IMODIUM Multi-Symptom Relief</span> </p>, <p><b>Generic Name</b>: <span>LOPERAMIDE HYDROCHLORIDE AND DIMETHICONE</span></p>, <p><b>Drug Type</b>: HUMAN OTC DRUG</p>, <p><b>Route</b>: <span>ORAL</span></p>, <p><b>Dosage Form</b>: TABLET</p>, <p><b>Data Current As Of</b>: 2018-12-17</p>]"
81,"[<p><b>Brand Name</b>: <span>IMPAVIDO</span>
<meta content=""true"" itemprop=""isProprietary""/></p>, <p><b>Generic Name</b>: <span>MILTEFOSINE</span></p>, <p><b>Drug Type</b>: HUMAN PRESCRIPTION DRUG</p>, <p><b>Route</b>: <span>ORAL</span></p>, <p><b>Dosage Form</b>: CAPSULE</p>, <p><b>Packager</b>: Profounda, Inc.</p>, <p><b>Data Current As Of</b>: 2021-06-14</p>]"
82,"[<p><b>Brand Name</b>: <span>IMPEKLO</span>
<meta content=""true"" itemprop=""isProprietary""/></p>, <p><b>Generic Name</b>: <span>CLOBETASOL PROPIONATE</span></p>, <p><b>Drug Type</b>: HUMAN PRESCRIPTION DRUG</p>, <p><b>Route</b>: <span>TOPICAL</span></p>, <p><b>Dosage Form</b>: LOTION</p>, <p><b>Packager</b>: Mylan Specialty L.P.</p>, <p><b>Data Current As Of</b>: 2021-04-26</p>]"
83,"[<p><b>Brand Name</b>: <span>IMPLANON</span> </p>, <p><b>Generic Name</b>: <span>ETONOGESTREL</span></p>, <p><b>Drug Type</b>: HUMAN PRESCRIPTION DRUG</p>, <p><b>Route</b>: <span>SUBCUTANEOUS</span></p>, <p><b>Dosage Form</b>: IMPLANT</p>, <p><b>Data Current As Of</b>: 2018-10-05</p>]"
84,"[<p><b>Brand Name</b>: <span>IMPOYZ</span> </p>, <p><b>Generic Name</b>: <span>CLOBETASOL PROPIONATE</span></p>, <p><b>Drug Type</b>: HUMAN PRESCRIPTION DRUG</p>, <p><b>Route</b>: <span>TOPICAL</span></p>, <p><b>Dosage Form</b>: CREAM</p>, <p><b>Data Current As Of</b>: 2018-10-05</p>]"
85,"[<p><b>Brand Name</b>: <span>ImproVue Lubricant</span> </p>, <p><b>Generic Name</b>: <span>HYPROMELLOSE 2208 (15000 MPA.S)</span></p>, <p><b>Drug Type</b>: HUMAN OTC DRUG</p>, <p><b>Route</b>: <span>OPHTHALMIC</span></p>, <p><b>Dosage Form</b>: SOLUTION/ DROPS</p>, <p><b>Data Current As Of</b>: 2018-10-07</p>]"
86,"[<p><b>Brand Name</b>: <span>IMURAN</span> </p>, <p><b>Generic Name</b>: <span>AZATHIOPRINE</span></p>, <p><b>Drug Type</b>: HUMAN PRESCRIPTION DRUG</p>, <p><b>Route</b>: <span>ORAL</span></p>, <p><b>Dosage Form</b>: TABLET</p>, <p><b>Data Current As Of</b>: 2018-10-05</p>]"
87,"[<p><b>Brand Name</b>: <span>IMVEXXY</span> <meta content=""true"" itemprop=""isProprietary""/></p>, <p><b>Generic Name</b>: <span>ESTRADIOL</span></p>, <p><b>Drug Type</b>: HUMAN PRESCRIPTION DRUG</p>, <p><b>Route</b>: <span>VAGINAL</span></p>, <p><b>Dosage Form</b>: INSERT</p>, <p><b>Data Current As Of</b>: 2019-12-16</p>]"
88,"[<p><b>Brand Name</b>: <span>In control nicotine</span> <meta content=""true"" itemprop=""isProprietary""/></p>, <p><b>Generic Name</b>: <span>NICOTINE POLACRILEX</span></p>, <p><b>Drug Type</b>: HUMAN OTC DRUG</p>, <p><b>Route</b>: <span>ORAL</span></p>, <p><b>Dosage Form</b>: GUM, CHEWING</p>, <p><b>Data Current As Of</b>: 2019-12-09</p>]"
89,"[<p><b>Brand Name</b>: <span>Inbrija</span> <meta content=""true"" itemprop=""isProprietary""/></p>, <p><b>Generic Name</b>: <span>LEVODOPA</span></p>, <p><b>Drug Type</b>: HUMAN PRESCRIPTION DRUG</p>, <p><b>Route</b>: <span>RESPIRATORY (INHALATION)</span></p>, <p><b>Dosage Form</b>: CAPSULE</p>, <p><b>Data Current As Of</b>: 2019-09-16</p>]"
90,"[<p><b>Brand Name</b>: <span>Incassia</span>
<meta content=""true"" itemprop=""isProprietary""/></p>, <p><b>Generic Name</b>: <span>NORETHINDRONE</span></p>, <p><b>Drug Type</b>: HUMAN PRESCRIPTION DRUG</p>, <p><b>Route</b>: <span>ORAL</span></p>, <p><b>Dosage Form</b>: TABLET</p>, <p><b>Packager</b>: Aurobindo Pharma Limited</p>, <p><b>Data Current As Of</b>: 2021-09-27</p>]"
91,"[<p><b>Brand Name</b>: <span>Increlex</span> <meta content=""true"" itemprop=""isProprietary""/></p>, <p><b>Generic Name</b>: <span>MECASERMIN</span></p>, <p><b>Drug Type</b>: HUMAN PRESCRIPTION DRUG</p>, <p> </p>, <p><b>Route</b>: <span>SUBCUTANEOUS</span></p>, <p><b>Dosage Form</b>: INJECTION, SOLUTION</p>, <p><b>Data Current As Of</b>: 2019-12-23</p>]"
92,"[<p><b>Brand Name</b>: <span>Incruse Ellipta</span>
<meta content=""true"" itemprop=""isProprietary""/></p>, <p><b>Generic Name</b>: <span>UMECLIDINIUM</span></p>, <p><b>Drug Type</b>: HUMAN PRESCRIPTION DRUG</p>, <p><b>Route</b>: <span>ORAL</span></p>, <p><b>Dosage Form</b>: AEROSOL, POWDER</p>, <p><b>Packager</b>: GlaxoSmithKline LLC</p>, <p><b>Data Current As Of</b>: 2021-10-18</p>]"
93,"[<p><b>Brand Name</b>: <span>Indapamide</span> <meta content=""true"" itemprop=""isProprietary""/></p>, <p><b>Generic Name</b>: <span>INDAPAMIDE</span></p>, <p><b>Drug Type</b>: HUMAN PRESCRIPTION DRUG</p>, <p> </p>, <p><b>Route</b>: <span>ORAL</span></p>, <p><b>Dosage Form</b>: TABLET, FILM COATED</p>, <p><b>Data Current As Of</b>: 2019-11-18</p>]"
94,"[<p><b>Brand Name</b>: <span>INDERAL LA</span> </p>, <p><b>Generic Name</b>: <span>PROPRANOLOL HYDROCHLORIDE</span></p>, <p><b>Drug Type</b>: HUMAN PRESCRIPTION DRUG</p>, <p><b>Route</b>: <span>ORAL</span></p>, <p><b>Dosage Form</b>: CAPSULE, EXTENDED RELEASE</p>, <p><b>Data Current As Of</b>: 2018-10-05</p>]"
95,"[<p><b>Brand Name</b>: <span>Inderal XL</span>
<meta content=""true"" itemprop=""isProprietary""/></p>, <p><b>Generic Name</b>: <span>PROPRANOLOL HYDROCHLORIDE</span></p>, <p><b>Drug Type</b>: HUMAN PRESCRIPTION DRUG</p>, <p>
</p>, <p><b>Route</b>: <span>ORAL</span></p>, <p><b>Dosage Form</b>: CAPSULE, EXTENDED RELEASE</p>, <p><b>Packager</b>: ANI Pharmaceuticals, Inc.</p>, <p><b>Data Current As Of</b>: 2021-09-27</p>, <p>
</p>]"
96,"[<p><b>Brand Name</b>: <span>Indiclor</span> </p>, <p><b>Generic Name</b>: <span>INDIUM CHLORIDE IN-111</span></p>, <p><b>Drug Type</b>: HUMAN PRESCRIPTION DRUG</p>, <p><b>Route</b>: <span>INTRAVENOUS</span></p>, <p><b>Dosage Form</b>: SOLUTION</p>, <p><b>Data Current As Of</b>: 2018-10-05</p>]"
97,"[<p><b>Brand Name</b>: <span>Indium DTPA In 111</span> </p>, <p><b>Generic Name</b>: <span>INDIUM IN-111 PENTETATE DISODIUM</span></p>, <p><b>Drug Type</b>: HUMAN PRESCRIPTION DRUG</p>, <p><b>Route</b>: <span>INTRATHECAL</span></p>, <p><b>Dosage Form</b>: SOLUTION</p>, <p><b>Data Current As Of</b>: 2018-10-05</p>]"
98,"[<p><b>Brand Name</b>: <span>Indium in 111 Oxyquinoline</span> </p>, <p><b>Generic Name</b>: <span>INDIUM IN-111 OXYQUINOLINE</span></p>, <p><b>Drug Type</b>: HUMAN PRESCRIPTION DRUG</p>, <p><b>Route</b>: <span>INTRAVENOUS</span></p>, <p><b>Dosage Form</b>: SOLUTION</p>, <p><b>Data Current As Of</b>: 2018-10-05</p>]"
99,"[<p><b>Brand Name</b>: <span>INDOCIN</span> </p>, <p><b>Generic Name</b>: <span>INDOMETHACIN</span></p>, <p><b>Drug Type</b>: HUMAN PRESCRIPTION DRUG</p>, <p><b>Route</b>: <span>RECTAL</span></p>, <p><b>Dosage Form</b>: SUPPOSITORY</p>, <p><b>Data Current As Of</b>: 2018-12-10</p>]"
100,"[<p><b>Brand Name</b>: <span>INDOCIN</span> </p>, <p><b>Generic Name</b>: <span>INDOMETHACIN</span></p>, <p><b>Drug Type</b>: HUMAN PRESCRIPTION DRUG</p>, <p><b>Route</b>: <span>ORAL</span></p>, <p><b>Dosage Form</b>: SUSPENSION</p>, <p><b>Data Current As Of</b>: 2018-10-05</p>]"
101,"[<p><b>Brand Name</b>: <span>Indomethacin</span> </p>, <p><b>Generic Name</b>: <span>INDOMETHACIN</span></p>, <p><b>Drug Type</b>: HUMAN PRESCRIPTION DRUG</p>, <p><b>Route</b>: <span>ORAL</span></p>, <p><b>Dosage Form</b>: CAPSULE</p>, <p><b>Data Current As Of</b>: 2018-10-11</p>]"
102,"[<p><b>Brand Name</b>: <span>INDOMETHACIN</span> <meta content=""true"" itemprop=""isProprietary""/></p>, <p><b>Generic Name</b>: <span>INDOMETHACIN</span></p>, <p><b>Drug Type</b>: HUMAN PRESCRIPTION DRUG</p>, <p><b>Route</b>: <span>RECTAL</span></p>, <p><b>Dosage Form</b>: SUPPOSITORY</p>, <p><b>Data Current As Of</b>: 2019-08-26</p>]"
103,"[<p><b>Brand Name</b>: <span>Indomethacin</span> </p>, <p><b>Generic Name</b>: <span>INDOMETHACIN</span></p>, <p><b>Drug Type</b>: HUMAN PRESCRIPTION DRUG</p>, <p> </p>, <p><b>Route</b>: <span>INTRAVENOUS</span></p>, <p><b>Dosage Form</b>: INJECTION, POWDER, LYOPHILIZED, FOR SOLUTION</p>, <p><b>Data Current As Of</b>: 2018-10-11</p>]"
104,"[<p><b>Brand Name</b>: <span>INDOMETHACIN ER</span> </p>, <p><b>Generic Name</b>: <span>INDOMETHACIN</span></p>, <p><b>Drug Type</b>: HUMAN PRESCRIPTION DRUG</p>, <p><b>Route</b>: <span>ORAL</span></p>, <p><b>Dosage Form</b>: CAPSULE</p>, <p><b>Data Current As Of</b>: 2018-10-05</p>]"
105,"[<p><b>Brand Name</b>: <span>Indomethacin Extended-Release</span> <meta content=""true"" itemprop=""isProprietary""/></p>, <p><b>Generic Name</b>: <span>INDOMETHACIN EXTENDED-RELEASE</span></p>, <p><b>Drug Type</b>: HUMAN PRESCRIPTION DRUG</p>, <p><b>Route</b>: <span>ORAL</span></p>, <p><b>Dosage Form</b>: CAPSULE</p>, <p><b>Data Current As Of</b>: 2020-01-06</p>]"
106,"[<p><b>Brand Name</b>: <span>Indoor Outdoor <a class=""Link"" href=""/right-care/allergies/allergies"" target=""_blank"">Allergy</a> Relief</span> <meta content=""true"" itemprop=""isProprietary""/></p>, <p><b>Generic Name</b>: <span>FEXOFENADINE HCL</span></p>, <p><b>Drug Type</b>: HUMAN OTC DRUG</p>, <p><b>Route</b>: <span>ORAL</span></p>, <p><b>Dosage Form</b>: TABLET, COATED</p>, <p><b>Data Current As Of</b>: 2019-10-14</p>]"
107,"[<p><b>Brand Name</b>: <span>Indoor/Outdoor <a class=""Link"" href=""/right-care/allergies/allergies"" target=""_blank"">ALLERGY</a> RELIEF Softgels</span> </p>, <p><b>Generic Name</b>: <span>CETIRIZINE HYDROCHLORIDE</span></p>, <p><b>Drug Type</b>: HUMAN OTC DRUG</p>, <p><b>Route</b>: <span>ORAL</span></p>, <p><b>Dosage Form</b>: CAPSULE</p>, <p><b>Data Current As Of</b>: 2018-12-17</p>]"
108,"[<p><b>Brand Name</b>: <span>Infant Dextrose</span> <meta content=""true"" itemprop=""isProprietary""/></p>, <p><b>Generic Name</b>: <span>DEXTROSE</span></p>, <p><b>Drug Type</b>: HUMAN PRESCRIPTION DRUG</p>, <p><b>Route</b>: <span>INTRAVENOUS</span></p>, <p><b>Dosage Form</b>: INJECTION, SOLUTION</p>, <p><b>Data Current As Of</b>: 2020-02-10</p>]"
109,"[<p><b>Brand Name</b>: <span>Infant Gas Relief Dye Free</span> <meta content=""true"" itemprop=""isProprietary""/></p>, <p><b>Generic Name</b>: <span>SIMETHICONE</span></p>, <p><b>Drug Type</b>: HUMAN OTC DRUG</p>, <p><b>Route</b>: <span>ORAL</span></p>, <p><b>Dosage Form</b>: SUSPENSION</p>, <p><b>Data Current As Of</b>: 2019-11-18</p>]"
110,"[<p><b>Brand Name</b>: <span>INFANTS <a class=""Link"" href=""/drugs/advil"" target=""_blank"">ADVIL</a></span> </p>, <p><b>Generic Name</b>: <span>IBUPROFEN</span></p>, <p><b>Drug Type</b>: HUMAN OTC DRUG</p>, <p><b>Route</b>: <span>ORAL</span></p>, <p><b>Dosage Form</b>: SUSPENSION/ DROPS</p>, <p><b>Data Current As Of</b>: 2019-02-04</p>]"
111,"[<p><b>Brand Name</b>: <span>infants dye free ibuprofen</span> <meta content=""true"" itemprop=""isProprietary""/></p>, <p><b>Generic Name</b>: <span>IBUPROFEN</span></p>, <p><b>Drug Type</b>: HUMAN OTC DRUG</p>, <p><b>Route</b>: <span>ORAL</span></p>, <p><b>Dosage Form</b>: SUSPENSION/ DROPS</p>, <p><b>Data Current As Of</b>: 2019-11-18</p>]"
112,"[<p><b>Brand Name</b>: <span>Infants Gas Relief</span> <meta content=""true"" itemprop=""isProprietary""/></p>, <p><b>Generic Name</b>: <span>SIMETHICONE</span></p>, <p><b>Drug Type</b>: HUMAN OTC DRUG</p>, <p><b>Route</b>: <span>ORAL</span></p>, <p><b>Dosage Form</b>: SUSPENSION</p>, <p><b>Data Current As Of</b>: 2019-09-09</p>]"
113,"[<p><b>Brand Name</b>: <span>Infants Gas Relief</span> </p>, <p><b>Generic Name</b>: <span>SIMETHICONE</span></p>, <p><b>Drug Type</b>: HUMAN OTC DRUG</p>, <p><b>Route</b>: <span>ORAL</span></p>, <p><b>Dosage Form</b>: EMULSION</p>, <p><b>Data Current As Of</b>: 2018-11-26</p>]"
114,"[<p><b>Brand Name</b>: <span>Infants Gas Relief Drops</span> <meta content=""true"" itemprop=""isProprietary""/></p>, <p><b>Generic Name</b>: <span>SIMETHICONE</span></p>, <p><b>Drug Type</b>: HUMAN OTC DRUG</p>, <p><b>Route</b>: <span>ORAL</span></p>, <p><b>Dosage Form</b>: EMULSION</p>, <p><b>Data Current As Of</b>: 2019-10-14</p>]"
115,"[<p><b>Brand Name</b>: <span>Infants Gas Relief Dye Free</span>
<meta content=""true"" itemprop=""isProprietary""/></p>, <p><b>Generic Name</b>: <span>SIMETHICONE ANTIGAS</span></p>, <p><b>Drug Type</b>: HUMAN OTC DRUG</p>, <p><b>Route</b>: <span>ORAL</span></p>, <p><b>Dosage Form</b>: EMULSION</p>, <p><b>Packager</b>: THE KROGER CO.</p>, <p><b>Data Current As Of</b>: 2021-08-30</p>]"
116,"[<p><b>Brand Name</b>: <span>Infants Ibuprofen</span> </p>, <p><b>Generic Name</b>: <span>IBUPROFEN</span></p>, <p><b>Drug Type</b>: HUMAN OTC DRUG</p>, <p><b>Route</b>: <span>ORAL</span></p>, <p><b>Dosage Form</b>: SUSPENSION</p>, <p><b>Data Current As Of</b>: 2018-12-17</p>]"
117,"[<p><b>Brand Name</b>: <span>Infants Motrin</span>
<meta content=""true"" itemprop=""isProprietary""/></p>, <p><b>Generic Name</b>: <span>IBUPROFEN</span></p>, <p><b>Drug Type</b>: HUMAN OTC DRUG</p>, <p><b>Route</b>: <span>ORAL</span></p>, <p><b>Dosage Form</b>: SUSPENSION/ DROPS</p>, <p><b>Packager</b>: Johnson &amp; Johnson Consumer Inc., McNeil Consumer Healthcare Division</p>, <p><b>Data Current As Of</b>: 2021-02-11</p>]"
118,"[<p><b>Brand Name</b>: <span>INFASURF</span> </p>, <p><b>Generic Name</b>: <span>CALFACTANT</span></p>, <p><b>Drug Type</b>: HUMAN PRESCRIPTION DRUG</p>, <p> </p>, <p><b>Route</b>: <span>ENDOTRACHEAL</span></p>, <p><b>Dosage Form</b>: SUSPENSION</p>, <p><b>Data Current As Of</b>: 2019-04-01</p>]"
119,"[<p><b>Brand Name</b>: <span>INFeD</span>
<meta content=""true"" itemprop=""isProprietary""/></p>, <p><b>Generic Name</b>: <span>IRON DEXTRAN</span></p>, <p><b>Drug Type</b>: HUMAN PRESCRIPTION DRUG</p>, <p><b>Route</b>: <span>INTRAMUSCULAR, INTRAVENOUS</span></p>, <p><b>Dosage Form</b>: INJECTION</p>, <p><b>Packager</b>: Allergan, Inc.</p>, <p><b>Data Current As Of</b>: 2021-09-27</p>]"
120,"[<p><b>Brand Name</b>: <span>INFINITY</span> </p>, <p><b>Generic Name</b>: <span>AVOBENZONE, OCTINOXATE, OCTISALATE, OCTOCRYLENE, OXYBENZONE</span></p>, <p><b>Drug Type</b>: HUMAN OTC DRUG</p>, <p><b>Route</b>: <span>TOPICAL</span></p>, <p><b>Dosage Form</b>: CREAM</p>, <p><b>Data Current As Of</b>: 2018-10-07</p>]"
121,"[<p><b>Brand Name</b>: <span>INFLECTRA</span> </p>, <p><b>Generic Name</b>: <span>INFLIXIMAB-DYYB</span></p>, <p><b>Drug Type</b>: HUMAN PRESCRIPTION DRUG</p>, <p><b>Route</b>: <span>INTRAVENOUS</span></p>, <p><b>Dosage Form</b>: INJECTION, POWDER, LYOPHILIZED, FOR SOLUTION</p>, <p><b>Data Current As Of</b>: 2019-03-11</p>]"
122,"[<p><b>Brand Name</b>: <span>INFLIXIMAB</span>
<meta content=""true"" itemprop=""isProprietary""/></p>, <p><b>Generic Name</b>: <span>INFLIXIMAB</span></p>, <p><b>Drug Type</b>: HUMAN PRESCRIPTION DRUG</p>, <p><b>Route</b>: <span>INTRAVENOUS</span></p>, <p><b>Dosage Form</b>: INJECTION, POWDER, LYOPHILIZED, FOR SOLUTION</p>, <p><b>Packager</b>: Janssen Biotech, Inc.</p>, <p><b>Data Current As Of</b>: 2021-10-25</p>]"
123,"[<p><b>Brand Name</b>: <span>INFUGEM</span> <meta content=""true"" itemprop=""isProprietary""/></p>, <p><b>Generic Name</b>: <span>GEMCITABINE</span></p>, <p><b>Drug Type</b>: HUMAN PRESCRIPTION DRUG</p>, <p><b>Route</b>: <span>INTRAVENOUS</span></p>, <p><b>Dosage Form</b>: INJECTION, SOLUTION</p>, <p><b>Data Current As Of</b>: 2020-01-20</p>]"
124,"[<p><b>Brand Name</b>: <span>INFUMORPH 200</span> <meta content=""true"" itemprop=""isProprietary""/></p>, <p><b>Generic Name</b>: <span>MORPHINE SULFATE</span></p>, <p><b>Drug Type</b>: HUMAN PRESCRIPTION DRUG</p>, <p><b>Route</b>: <span>INTRATHECAL, EPIDURAL</span></p>, <p><b>Dosage Form</b>: INJECTION, SOLUTION</p>, <p><b>Data Current As Of</b>: 2020-02-03</p>]"
125,"[<p><b>Brand Name</b>: <span>Infuvite Adult Multiple Vitamins</span> <meta content=""true"" itemprop=""isProprietary""/></p>, <p><b>Generic Name</b>: <span>ASCORBIC ACID, VITAMIN A PALMITATE, CHOLECALCIFEROL, THIAMINE HYDROCHLORIDE, RIBOFLAVIN-5 PHOSPHATE SODIUM, PYRIDOXINE HYDROCHLORIDE, NIACINAMIDE, DEXPANTHENOL, ALPHA-TOCOPHEROL ACETATE, VITAMIN K1, FOLIC ACID, BIOTIN, CYANOCOBALAMIN</span></p>, <p><b>Drug Type</b>: HUMAN PRESCRIPTION DRUG</p>, <p><b>Route</b>: <span>INTRAVENOUS</span></p>, <p><b>Dosage Form</b>: INJECTION, SOLUTION</p>, <p><b>Data Current As Of</b>: 2020-04-20</p>]"
126,"[<p><b>Brand Name</b>: <span>INGREZZA</span>
<meta content=""true"" itemprop=""isProprietary""/></p>, <p><b>Generic Name</b>: <span>VALBENAZINE</span></p>, <p><b>Drug Type</b>: HUMAN PRESCRIPTION DRUG</p>, <p>
</p>, <p><b>Route</b>: <span>ORAL</span></p>, <p><b>Dosage Form</b>: CAPSULE</p>, <p><b>Packager</b>: Neurocrine Biosciences, Inc.</p>, <p><b>Data Current As Of</b>: 2021-05-17</p>, <p>
</p>]"
127,"[<p><b>Brand Name</b>: <span>Injectafer</span> <meta content=""true"" itemprop=""isProprietary""/></p>, <p><b>Generic Name</b>: <span>FERRIC CARBOXYMALTOSE INJECTION</span></p>, <p><b>Drug Type</b>: HUMAN PRESCRIPTION DRUG</p>, <p><b>Route</b>: <span>INTRAVENOUS</span></p>, <p><b>Dosage Form</b>: INJECTION, SOLUTION</p>, <p><b>Data Current As Of</b>: 2020-03-09</p>]"
128,"[<p><b>Brand Name</b>: <span>INLYTA</span>
<meta content=""true"" itemprop=""isProprietary""/></p>, <p><b>Generic Name</b>: <span>AXITINIB</span></p>, <p><b>Drug Type</b>: HUMAN PRESCRIPTION DRUG</p>, <p><b>Route</b>: <span>ORAL</span></p>, <p><b>Dosage Form</b>: TABLET, FILM COATED</p>, <p><b>Packager</b>: Pfizer Laboratories Div Pfizer Inc</p>, <p><b>Data Current As Of</b>: 2021-07-19</p>]"
129,"[<p><b>Brand Name</b>: <span>Inmazeb</span>
<meta content=""true"" itemprop=""isProprietary""/></p>, <p><b>Generic Name</b>: <span>ATOLTIVIMAB, MAFTIVIMAB, AND ODESIVIMAB-EBGN</span></p>, <p><b>Drug Type</b>: HUMAN PRESCRIPTION DRUG</p>, <p><b>Route</b>: <span>INTRAVENOUS</span></p>, <p><b>Dosage Form</b>: INJECTION, SOLUTION</p>, <p><b>Packager</b>: Regeneron Pharmaceuticals, Inc.</p>, <p><b>Data Current As Of</b>: 2021-04-26</p>]"
130,"[<p><b>Brand Name</b>: <span>InnoPran XL</span> </p>, <p><b>Generic Name</b>: <span>PROPRANOLOL HYDROCHLORIDE</span></p>, <p><b>Drug Type</b>: HUMAN PRESCRIPTION DRUG</p>, <p><b>Route</b>: <span>ORAL</span></p>, <p><b>Dosage Form</b>: CAPSULE, EXTENDED RELEASE</p>, <p><b>Data Current As Of</b>: 2018-10-05</p>]"
131,"[<p><b>Brand Name</b>: <span>INOmax</span> </p>, <p><b>Generic Name</b>: <span>NITRIC OXIDE</span></p>, <p><b>Drug Type</b>: HUMAN PRESCRIPTION DRUG</p>, <p><b>Route</b>: <span>RESPIRATORY (INHALATION)</span></p>, <p><b>Dosage Form</b>: GAS</p>, <p><b>Data Current As Of</b>: 2019-03-04</p>]"
132,"[<p><b>Brand Name</b>: <span>Inon Ace</span> <meta content=""true"" itemprop=""isProprietary""/></p>, <p><b>Generic Name</b>: <span>MAGNESIUM ALUMINOSILICATE, MAGNESIUM HYDROXIDE</span></p>, <p><b>Drug Type</b>: HUMAN OTC DRUG</p>, <p> </p>, <p><b>Route</b>: <span>ORAL</span></p>, <p><b>Dosage Form</b>: SOLUTION</p>, <p><b>Data Current As Of</b>: 2019-12-30</p>]"
133,"[<p><b>Brand Name</b>: <span>Inon Ace</span> </p>, <p><b>Generic Name</b>: <span>MAGNESIUM ALUMINOSILICATES, MAGNESIUM HYDROXIDE, SIMETHICONE</span></p>, <p><b>Drug Type</b>: HUMAN OTC DRUG</p>, <p> </p>, <p><b>Route</b>: <span>ORAL</span></p>, <p><b>Dosage Form</b>: TABLET</p>, <p><b>Data Current As Of</b>: 2018-10-07</p>]"
134,"[<p><b>Brand Name</b>: <span>INQOVI</span>
<meta content=""true"" itemprop=""isProprietary""/></p>, <p><b>Generic Name</b>: <span>CEDAZURIDINE AND DECITABINE</span></p>, <p><b>Drug Type</b>: HUMAN PRESCRIPTION DRUG</p>, <p><b>Route</b>: <span>ORAL</span></p>, <p><b>Dosage Form</b>: TABLET, FILM COATED</p>, <p><b>Packager</b>: Taiho Pharmaceutical Co., Ltd.</p>, <p><b>Data Current As Of</b>: 2021-04-26</p>]"
135,"[<p><b>Brand Name</b>: <span>Inrebic</span>
<meta content=""true"" itemprop=""isProprietary""/></p>, <p><b>Generic Name</b>: <span>FEDRATINIB HYDROCHLORIDE</span></p>, <p><b>Drug Type</b>: HUMAN PRESCRIPTION DRUG</p>, <p>
</p>, <p><b>Route</b>: <span>ORAL</span></p>, <p><b>Dosage Form</b>: CAPSULE</p>, <p><b>Packager</b>: Celgene Corporation</p>, <p><b>Data Current As Of</b>: 2021-04-26</p>, <p>
</p>]"
136,"[<p><b>Brand Name</b>: <span>Insect Bite Relief</span> </p>, <p><b>Generic Name</b>: <span>BENZOCAINE</span></p>, <p><b>Drug Type</b>: HUMAN OTC DRUG</p>, <p><b>Route</b>: <span>TOPICAL</span></p>, <p><b>Dosage Form</b>: SOLUTION</p>, <p><b>Data Current As Of</b>: 2018-10-07</p>]"
137,"[<p><b>Brand Name</b>: <span>Inspra</span>
<meta content=""true"" itemprop=""isProprietary""/></p>, <p><b>Generic Name</b>: <span>EPLERENONE</span></p>, <p><b>Drug Type</b>: HUMAN PRESCRIPTION DRUG</p>, <p><b>Route</b>: <span>ORAL</span></p>, <p><b>Dosage Form</b>: TABLET, FILM COATED</p>, <p><b>Packager</b>: Pfizer Laboratories Div Pfizer Inc</p>, <p><b>Data Current As Of</b>: 2021-10-11</p>]"
138,"[<p><b>Brand Name</b>: <span>Insulin Aspart</span> <meta content=""true"" itemprop=""isProprietary""/></p>, <p><b>Generic Name</b>: <span>INSULIN ASPART</span></p>, <p><b>Drug Type</b>: HUMAN PRESCRIPTION DRUG</p>, <p><b>Route</b>: <span>INTRAVENOUS, SUBCUTANEOUS</span></p>, <p><b>Dosage Form</b>: INJECTION, SOLUTION</p>, <p><b>Data Current As Of</b>: 2020-06-08</p>]"
139,"[<p><b>Brand Name</b>: <span>Insulin Aspart Protamine and Insulin Aspart Mix 70/30</span>
<meta content=""true"" itemprop=""isProprietary""/></p>, <p><b>Generic Name</b>: <span>INSULIN ASPART</span></p>, <p><b>Drug Type</b>: HUMAN PRESCRIPTION DRUG</p>, <p><b>Route</b>: <span>SUBCUTANEOUS</span></p>, <p><b>Dosage Form</b>: INJECTION, SUSPENSION</p>, <p><b>Packager</b>: Novo Nordisk Pharma, Inc.</p>, <p><b>Data Current As Of</b>: 2021-04-26</p>]"
140,"[<p><b>Brand Name</b>: <span>Insulin Diluting Medium for NovoLog</span>
<meta content=""true"" itemprop=""isProprietary""/></p>, <p><b>Generic Name</b>: <span>WATER INJECTION</span></p>, <p><b>Drug Type</b>: HUMAN PRESCRIPTION DRUG</p>, <p><b>Route</b>: <span>INTRAVENOUS, SUBCUTANEOUS</span></p>, <p><b>Dosage Form</b>: INJECTION, SOLUTION</p>, <p><b>Packager</b>: Novo Nordisk</p>, <p><b>Data Current As Of</b>: 2021-04-12</p>]"
141,"[<p><b>Brand Name</b>: <span>Insulin lispro</span> <meta content=""true"" itemprop=""isProprietary""/></p>, <p><b>Generic Name</b>: <span>INSULIN LISPRO</span></p>, <p><b>Drug Type</b>: HUMAN PRESCRIPTION DRUG</p>, <p><b>Route</b>: <span>INTRAVENOUS, SUBCUTANEOUS</span></p>, <p><b>Dosage Form</b>: INJECTION, SOLUTION</p>, <p><b>Data Current As Of</b>: 2020-03-23</p>]"
142,"[<p><b>Brand Name</b>: <span>Insulin Lispro Protamine and Insulin Lispro Injectable Suspension Mix75/25 KwikPen </span>
<meta content=""true"" itemprop=""isProprietary""/></p>, <p><b>Generic Name</b>: <span>INSULIN LISPRO</span></p>, <p><b>Drug Type</b>: HUMAN PRESCRIPTION DRUG</p>, <p><b>Route</b>: <span>SUBCUTANEOUS</span></p>, <p><b>Dosage Form</b>: INJECTION, SUSPENSION</p>, <p><b>Packager</b>: Eli Lilly and Company</p>, <p><b>Data Current As Of</b>: 2021-04-26</p>]"
143,"[<p><b>Brand Name</b>: <span>Integrilin</span> <meta content=""true"" itemprop=""isProprietary""/></p>, <p><b>Generic Name</b>: <span>EPTIFIBATIDE</span></p>, <p><b>Drug Type</b>: HUMAN PRESCRIPTION DRUG</p>, <p><b>Route</b>: <span>INTRAVENOUS</span></p>, <p><b>Dosage Form</b>: INJECTION, SOLUTION</p>, <p><b>Data Current As Of</b>: 2019-11-18</p>]"
144,"[<p><b>Brand Name</b>: <span>Intelence</span> </p>, <p><b>Generic Name</b>: <span>ETRAVIRINE</span></p>, <p><b>Drug Type</b>: HUMAN PRESCRIPTION DRUG</p>, <p> </p>, <p><b>Route</b>: <span>ORAL</span></p>, <p><b>Dosage Form</b>: TABLET</p>, <p><b>Data Current As Of</b>: 2018-10-05</p>]"
145,"[<p><b>Brand Name</b>: <span>Intermezzo</span> <meta content=""true"" itemprop=""isProprietary""/></p>, <p><b>Generic Name</b>: <span>ZOLPIDEM TARTRATE</span></p>, <p><b>Drug Type</b>: HUMAN PRESCRIPTION DRUG</p>, <p><b>Route</b>: <span>SUBLINGUAL</span></p>, <p><b>Dosage Form</b>: TABLET</p>, <p><b>Data Current As Of</b>: 2019-09-30</p>]"
146,"[<p><b>Brand Name</b>: <span>InterSol</span> </p>, <p><b>Generic Name</b>: <span>PLATELET ADDITIVE 3</span></p>, <p><b>Drug Type</b>: HUMAN PRESCRIPTION DRUG</p>, <p> </p>, <p><b>Route</b>: <span>INTRAVENOUS</span></p>, <p><b>Dosage Form</b>: SOLUTION</p>, <p><b>Data Current As Of</b>: 2018-10-05</p>]"
147,"[<p><b>Brand Name</b>: <span>Intralipid</span> </p>, <p><b>Generic Name</b>: <span>I.V. FAT EMULSION</span></p>, <p><b>Drug Type</b>: HUMAN PRESCRIPTION DRUG</p>, <p><b>Route</b>: <span>INTRAVENOUS</span></p>, <p><b>Dosage Form</b>: EMULSION</p>, <p><b>Data Current As Of</b>: 2019-04-22</p>]"
148,"[<p><b>Brand Name</b>: <span>Intralipid</span> </p>, <p><b>Generic Name</b>: <span>I.V. FAT EMULSION</span></p>, <p><b>Drug Type</b>: HUMAN PRESCRIPTION DRUG</p>, <p><b>Route</b>: <span>INTRAVENOUS</span></p>, <p><b>Dosage Form</b>: </p>, <p><b>Data Current As Of</b>: 2019-04-08</p>]"
149,"[<p><b>Brand Name</b>: <span>Intrarosa</span>
<meta content=""true"" itemprop=""isProprietary""/></p>, <p><b>Generic Name</b>: <span>PRASTERONE</span></p>, <p><b>Drug Type</b>: HUMAN PRESCRIPTION DRUG</p>, <p><b>Route</b>: <span>VAGINAL</span></p>, <p><b>Dosage Form</b>: INSERT</p>, <p><b>Packager</b>: AMAG Pharmaceuticals, Inc.</p>, <p><b>Data Current As Of</b>: 2021-02-11</p>]"
150,"[<p><b>Brand Name</b>: <span>INTRON A</span> <meta content=""true"" itemprop=""isProprietary""/></p>, <p><b>Generic Name</b>: <span>INTERFERON ALFA-2B</span></p>, <p><b>Drug Type</b>: HUMAN PRESCRIPTION DRUG</p>, <p><b>Route</b>: <span>INTRAMUSCULAR, INTRALESIONAL, SUBCUTANEOUS</span></p>, <p><b>Dosage Form</b>: INJECTION, SOLUTION</p>, <p><b>Data Current As Of</b>: 2019-09-23</p>]"
151,"[<p><b>Brand Name</b>: <span>Introvale</span> </p>, <p><b>Generic Name</b>: <span>LEVONORGESTREL AND ETHINYL ESTRADIOL</span></p>, <p><b>Drug Type</b>: HUMAN PRESCRIPTION DRUG</p>, <p><b>Dosage Form</b>: KIT</p>, <p><b>Data Current As Of</b>: 2018-10-05</p>]"
152,"[<p><b>Brand Name</b>: <span>Intuniv</span> <meta content=""true"" itemprop=""isProprietary""/></p>, <p><b>Generic Name</b>: <span>GUANFACINE</span></p>, <p><b>Drug Type</b>: HUMAN PRESCRIPTION DRUG</p>, <p><b>Route</b>: <span>ORAL</span></p>, <p><b>Dosage Form</b>: TABLET, EXTENDED RELEASE</p>, <p><b>Data Current As Of</b>: 2020-02-17</p>]"
153,"[<p><b>Brand Name</b>: <span>INVANZ</span> <meta content=""true"" itemprop=""isProprietary""/></p>, <p><b>Generic Name</b>: <span>ERTAPENEM SODIUM</span></p>, <p><b>Drug Type</b>: HUMAN PRESCRIPTION DRUG</p>, <p><b>Route</b>: <span>INTRAMUSCULAR, INTRAVENOUS</span></p>, <p><b>Dosage Form</b>: INJECTION, POWDER, LYOPHILIZED, FOR SOLUTION</p>, <p><b>Data Current As Of</b>: 2020-03-23</p>]"
154,"[<p><b>Brand Name</b>: <span>INVEGA</span>
<meta content=""true"" itemprop=""isProprietary""/></p>, <p><b>Generic Name</b>: <span>PALIPERIDONE</span></p>, <p><b>Drug Type</b>: HUMAN PRESCRIPTION DRUG</p>, <p><b>Route</b>: <span>ORAL</span></p>, <p><b>Dosage Form</b>: TABLET, EXTENDED RELEASE</p>, <p><b>Packager</b>: Janssen Pharmaceuticals, Inc.</p>, <p><b>Data Current As Of</b>: 2021-03-08</p>]"
155,"[<p><b>Brand Name</b>: <span>INVEGA SUSTENNA</span>
<meta content=""true"" itemprop=""isProprietary""/></p>, <p><b>Generic Name</b>: <span>PALIPERIDONE PALMITATE</span></p>, <p><b>Drug Type</b>: HUMAN PRESCRIPTION DRUG</p>, <p><b>Route</b>: <span>INTRAMUSCULAR</span></p>, <p><b>Dosage Form</b>: INJECTION</p>, <p><b>Packager</b>: Janssen Pharmaceuticals, Inc.</p>, <p><b>Data Current As Of</b>: 2021-04-19</p>]"
156,"[<p><b>Brand Name</b>: <span>INVEGA TRINZA</span>
<meta content=""true"" itemprop=""isProprietary""/></p>, <p><b>Generic Name</b>: <span>PALIPERIDONE PALMITATE</span></p>, <p><b>Drug Type</b>: HUMAN PRESCRIPTION DRUG</p>, <p><b>Route</b>: <span>INTRAMUSCULAR</span></p>, <p><b>Dosage Form</b>: INJECTION, SUSPENSION, EXTENDED RELEASE</p>, <p><b>Packager</b>: Janssen Pharmaceuticals, Inc</p>, <p><b>Data Current As Of</b>: 2021-08-30</p>]"
157,"[<p><b>Brand Name</b>: <span>Inveltys</span>
<meta content=""true"" itemprop=""isProprietary""/></p>, <p><b>Generic Name</b>: <span>LOTEPREDNOL ETABONATE</span></p>, <p><b>Drug Type</b>: HUMAN PRESCRIPTION DRUG</p>, <p><b>Route</b>: <span>TOPICAL</span></p>, <p><b>Dosage Form</b>: SUSPENSION</p>, <p><b>Packager</b>: Kala Pharmaceuticals, Inc.</p>, <p><b>Data Current As Of</b>: 2021-04-26</p>]"
158,"[<p><b>Brand Name</b>: <span>Invirase</span>
<meta content=""true"" itemprop=""isProprietary""/></p>, <p><b>Generic Name</b>: <span>SAQUINAVIR MESYLATE</span></p>, <p><b>Drug Type</b>: HUMAN PRESCRIPTION DRUG</p>, <p>
</p>, <p><b>Route</b>: <span>ORAL</span></p>, <p><b>Dosage Form</b>: TABLET, FILM COATED</p>, <p><b>Packager</b>: Genentech, Inc.</p>, <p><b>Data Current As Of</b>: 2021-02-11</p>, <p>
</p>]"
159,"[<p><b>Brand Name</b>: <span>INVOKAMET</span> </p>, <p><b>Generic Name</b>: <span>CANAGLIFLOZIN AND METFORMIN HYDROCHLORIDE</span></p>, <p><b>Drug Type</b>: HUMAN PRESCRIPTION DRUG</p>, <p><b>Route</b>: <span>ORAL</span></p>, <p><b>Dosage Form</b>: TABLET, FILM COATED</p>, <p><b>Data Current As Of</b>: 2018-10-05</p>]"
160,"[<p><b>Brand Name</b>: <span>INVOKAMET XR</span> </p>, <p><b>Generic Name</b>: <span>CANAGLIFLOZIN AND METFORMIN HYDROCHLORIDE</span></p>, <p><b>Drug Type</b>: HUMAN PRESCRIPTION DRUG</p>, <p><b>Route</b>: <span>ORAL</span></p>, <p><b>Dosage Form</b>: TABLET, FILM COATED, EXTENDED RELEASE</p>, <p><b>Data Current As Of</b>: 2018-10-05</p>]"
161,"[<p><b>Brand Name</b>: <span>INVOKANA</span> <meta content=""true"" itemprop=""isProprietary""/></p>, <p><b>Generic Name</b>: <span>CANAGLIFLOZIN</span></p>, <p><b>Drug Type</b>: HUMAN PRESCRIPTION DRUG</p>, <p> </p>, <p><b>Route</b>: <span>ORAL</span></p>, <p><b>Dosage Form</b>: TABLET, FILM COATED</p>, <p><b>Data Current As Of</b>: 2019-12-16</p>]"
162,"[<p><b>Brand Name</b>: <span>Ionite H</span> </p>, <p><b>Generic Name</b>: <span>STANNOUS FLUORIDE</span></p>, <p><b>Drug Type</b>: HUMAN OTC DRUG</p>, <p><b>Route</b>: <span>DENTAL</span></p>, <p><b>Dosage Form</b>: MOUTHWASH</p>, <p><b>Data Current As Of</b>: 2018-10-07</p>]"
163,"[<p><b>Brand Name</b>: <span>Ionosol MB and Dextrose</span> <meta content=""true"" itemprop=""isProprietary""/></p>, <p><b>Generic Name</b>: <span>DEXTROSE MONOHYDRATE, SODIUM LACTATE, POTASSIUM CHLORIDE, MAGNESIUM CHLORIDE, POTASSIUM PHOSPHATE, MONOBASIC, AND SODIUM PHOSPHATE, MONOBASIC, MONOHYDRATE</span></p>, <p><b>Drug Type</b>: HUMAN PRESCRIPTION DRUG</p>, <p><b>Route</b>: <span>INTRAVENOUS</span></p>, <p><b>Dosage Form</b>: INJECTION, SOLUTION</p>, <p><b>Data Current As Of</b>: 2019-11-18</p>]"
164,"[<p><b>Brand Name</b>: <span>IONSYS</span> </p>, <p><b>Generic Name</b>: <span>FENTANYL IONTOPHORETIC TRANSDERMAL SYSTEM</span></p>, <p><b>Drug Type</b>: HUMAN PRESCRIPTION DRUG</p>, <p> </p>, <p><b>Route</b>: <span>TRANSDERMAL</span></p>, <p><b>Dosage Form</b>: PATCH</p>, <p><b>Data Current As Of</b>: 2018-10-05</p>]"
165,"[<p><b>Brand Name</b>: <span>IOPIDINE</span> </p>, <p><b>Generic Name</b>: <span>APRACLONIDINE HYDROCHLORIDE</span></p>, <p><b>Drug Type</b>: HUMAN PRESCRIPTION DRUG</p>, <p><b>Route</b>: <span>OPHTHALMIC</span></p>, <p><b>Dosage Form</b>: SOLUTION/ DROPS</p>, <p><b>Data Current As Of</b>: 2018-10-05</p>]"
166,"[<p><b>Brand Name</b>: <span>Iopidine</span> </p>, <p><b>Generic Name</b>: <span>APRACLONIDINE</span></p>, <p><b>Drug Type</b>: HUMAN PRESCRIPTION DRUG</p>, <p><b>Route</b>: <span>OPHTHALMIC</span></p>, <p><b>Dosage Form</b>: SOLUTION</p>, <p><b>Data Current As Of</b>: 2018-10-05</p>]"
167,"[<p><b>Brand Name</b>: <span>IOSAT</span> <meta content=""true"" itemprop=""isProprietary""/></p>, <p><b>Generic Name</b>: <span>POTASSIUM IODIDE</span></p>, <p><b>Drug Type</b>: HUMAN OTC DRUG</p>, <p><b>Route</b>: <span>ORAL</span></p>, <p><b>Dosage Form</b>: TABLET</p>, <p><b>Data Current As Of</b>: 2019-08-19</p>]"
168,"[<p><b>Brand Name</b>: <span>Ipratropium Bromide</span> </p>, <p><b>Generic Name</b>: <span>IPRATROPIUM BROMIDE</span></p>, <p><b>Drug Type</b>: HUMAN PRESCRIPTION DRUG</p>, <p><b>Route</b>: <span>RESPIRATORY (INHALATION)</span></p>, <p><b>Dosage Form</b>: SOLUTION</p>, <p><b>Data Current As Of</b>: 2019-03-11</p>]"
169,"[<p><b>Brand Name</b>: <span>Ipratropium bromide</span> </p>, <p><b>Generic Name</b>: <span>IPRATROPIUM BROMIDE</span></p>, <p><b>Drug Type</b>: HUMAN PRESCRIPTION DRUG</p>, <p><b>Route</b>: <span>NASAL</span></p>, <p><b>Dosage Form</b>: SPRAY, METERED</p>, <p><b>Data Current As Of</b>: 2018-12-03</p>]"
170,"[<p><b>Brand Name</b>: <span>Ipratropium Bromide and Albuterol Sulfate</span> </p>, <p><b>Generic Name</b>: <span>IPRATROPIUM BROMIDE AND ALBUTEROL SULFATE</span></p>, <p><b>Drug Type</b>: HUMAN PRESCRIPTION DRUG</p>, <p><b>Route</b>: <span>RESPIRATORY (INHALATION)</span></p>, <p><b>Dosage Form</b>: SOLUTION</p>, <p><b>Data Current As Of</b>: 2018-10-11</p>]"
171,"[<p><b>Brand Name</b>: <span>IQ Dental Mepivacaine</span>
<meta content=""true"" itemprop=""isProprietary""/></p>, <p><b>Generic Name</b>: <span>MEPIVACAINE HYDROCHLORIDE</span></p>, <p><b>Drug Type</b>: HUMAN PRESCRIPTION DRUG</p>, <p><b>Route</b>: <span>SUBCUTANEOUS</span></p>, <p><b>Dosage Form</b>: INJECTION, SOLUTION</p>, <p><b>Packager</b>: IQ Dental</p>, <p><b>Data Current As Of</b>: 2021-07-19</p>]"
172,"[<p><b>Brand Name</b>: <span>Irbesartan</span> </p>, <p><b>Generic Name</b>: <span>IRBESARTAN</span></p>, <p><b>Drug Type</b>: HUMAN PRESCRIPTION DRUG</p>, <p><b>Route</b>: <span>ORAL</span></p>, <p><b>Dosage Form</b>: TABLET</p>, <p><b>Data Current As Of</b>: 2018-10-11</p>]"
173,"[<p><b>Brand Name</b>: <span>Irbesartan and Hydrochlorothiazide</span> </p>, <p><b>Generic Name</b>: <span>IRBESARTAN AND HYDROCHLOROTHIAZIDE</span></p>, <p><b>Drug Type</b>: HUMAN PRESCRIPTION DRUG</p>, <p><b>Route</b>: <span>ORAL</span></p>, <p><b>Dosage Form</b>: TABLET, FILM COATED</p>, <p><b>Data Current As Of</b>: 2018-12-24</p>]"
174,"[<p><b>Brand Name</b>: <span>Irenka</span> </p>, <p><b>Generic Name</b>: <span>DULOXETINE</span></p>, <p><b>Drug Type</b>: HUMAN PRESCRIPTION DRUG</p>, <p><b>Route</b>: <span>ORAL</span></p>, <p><b>Dosage Form</b>: CAPSULE, DELAYED RELEASE</p>, <p><b>Data Current As Of</b>: 2018-10-05</p>]"
175,"[<p><b>Brand Name</b>: <span>IRESSA</span> </p>, <p><b>Generic Name</b>: <span>GEFITINIB</span></p>, <p><b>Drug Type</b>: HUMAN PRESCRIPTION DRUG</p>, <p><b>Route</b>: <span>ORAL</span></p>, <p><b>Dosage Form</b>: TABLET, COATED</p>, <p><b>Data Current As Of</b>: 2019-06-03</p>]"
176,"[<p><b>Brand Name</b>: <span>Irinotecan hydrochloide</span>
<meta content=""true"" itemprop=""isProprietary""/></p>, <p><b>Generic Name</b>: <span>IRINOTECAN HYDROCHLOIDE</span></p>, <p><b>Drug Type</b>: HUMAN PRESCRIPTION DRUG</p>, <p><b>Route</b>: <span>INTRAVENOUS</span></p>, <p><b>Dosage Form</b>: INJECTION</p>, <p><b>Packager</b>: Xiromed LLC</p>, <p><b>Data Current As Of</b>: 2021-03-22</p>]"
177,"[<p><b>Brand Name</b>: <span>Irinotecan Hydrochloride</span> </p>, <p><b>Generic Name</b>: <span>IRINOTECAN HYDROCHLORIDE</span></p>, <p><b>Drug Type</b>: HUMAN PRESCRIPTION DRUG</p>, <p><b>Route</b>: <span>INTRAVENOUS</span></p>, <p><b>Dosage Form</b>: INJECTION</p>, <p><b>Data Current As Of</b>: 2018-12-17</p>]"
178,"[<p><b>Brand Name</b>: <span>Irinotecan Hydrochloride 100 mg/5 mL</span>
<meta content=""true"" itemprop=""isProprietary""/></p>, <p><b>Generic Name</b>: <span>IRINOTECAN HYDROCHLORIDE</span></p>, <p><b>Drug Type</b>: HUMAN PRESCRIPTION DRUG</p>, <p><b>Route</b>: <span>INTRAVENOUS</span></p>, <p><b>Dosage Form</b>: INJECTION</p>, <p><b>Packager</b>: Armas Pharmaceuticals Inc.</p>, <p><b>Data Current As Of</b>: 2021-04-26</p>]"
179,"[<p><b>Brand Name</b>: <span>Irinotecan Hydrochloride 40 mg/2 mL</span>
<meta content=""true"" itemprop=""isProprietary""/></p>, <p><b>Generic Name</b>: <span>IRINOTECAN HYDROCHLORIDE</span></p>, <p><b>Drug Type</b>: HUMAN PRESCRIPTION DRUG</p>, <p><b>Route</b>: <span>INTRAVENOUS</span></p>, <p><b>Dosage Form</b>: INJECTION</p>, <p><b>Packager</b>: Armas Pharmaceuticals Inc.</p>, <p><b>Data Current As Of</b>: 2021-04-26</p>]"
180,"[<p><b>Brand Name</b>: <span>IRON DEXTRAN</span>
<meta content=""true"" itemprop=""isProprietary""/></p>, <p><b>Generic Name</b>: <span>IRON DEXTRAN</span></p>, <p><b>Drug Type</b>: HUMAN PRESCRIPTION DRUG</p>, <p><b>Route</b>: <span>INTRAMUSCULAR, INTRAVENOUS</span></p>, <p><b>Dosage Form</b>: INJECTION</p>, <p><b>Packager</b>: HF Acquisition Co LLC, DBA HealthFirst</p>, <p><b>Data Current As Of</b>: 2021-04-26</p>]"
181,"[<p><b>Brand Name</b>: <span>ISENTRESS</span> </p>, <p><b>Generic Name</b>: <span>RALTEGRAVIR</span></p>, <p><b>Drug Type</b>: HUMAN PRESCRIPTION DRUG</p>, <p><b>Route</b>: <span>ORAL</span></p>, <p><b>Dosage Form</b>: TABLET, FILM COATED</p>, <p><b>Data Current As Of</b>: 2019-01-28</p>]"
182,"[<p><b>Brand Name</b>: <span>ISENTRESS</span> </p>, <p><b>Generic Name</b>: <span>RALTEGRAVIR</span></p>, <p><b>Drug Type</b>: HUMAN PRESCRIPTION DRUG</p>, <p><b>Route</b>: <span>ORAL</span></p>, <p><b>Dosage Form</b>: TABLET, CHEWABLE</p>, <p><b>Data Current As Of</b>: 2018-10-05</p>]"
183,"[<p><b>Brand Name</b>: <span>Isoflurane</span>
<meta content=""true"" itemprop=""isProprietary""/></p>, <p><b>Generic Name</b>: <span>ISOFLURANE</span></p>, <p><b>Drug Type</b>: HUMAN PRESCRIPTION DRUG</p>, <p><b>Route</b>: <span>RESPIRATORY (INHALATION)</span></p>, <p><b>Dosage Form</b>: LIQUID</p>, <p><b>Packager</b>: Piramal Critical Care Inc</p>, <p><b>Data Current As Of</b>: 2021-02-11</p>]"
184,"[<p><b>Brand Name</b>: <span>Isolyte P in Dextrose</span> <meta content=""true"" itemprop=""isProprietary""/></p>, <p><b>Generic Name</b>: <span>DEXTROSE, SODIUM ACETATE, POTASSIUM CHLORIDE, MAGNESIUM CHLORIDE, AND POTASSIUM PHOSPHATE, DIBASIC</span></p>, <p><b>Drug Type</b>: HUMAN PRESCRIPTION DRUG</p>, <p> </p>, <p><b>Route</b>: <span>INTRAVENOUS</span></p>, <p><b>Dosage Form</b>: INJECTION, SOLUTION</p>, <p><b>Data Current As Of</b>: 2019-08-26</p>]"
185,"[<p><b>Brand Name</b>: <span>Isolyte S</span> </p>, <p><b>Generic Name</b>: <span>SODIUM CHLORIDE, SODIUM GLUCONATE, SODIUM ACETATE, POTASSIUM CHLORIDE, AND MAGNESIUM CHLORIDE</span></p>, <p><b>Drug Type</b>: HUMAN PRESCRIPTION DRUG</p>, <p> </p>, <p><b>Route</b>: <span>INTRAVENOUS</span></p>, <p><b>Dosage Form</b>: INJECTION, SOLUTION</p>, <p><b>Data Current As Of</b>: 2018-10-05</p>]"
186,"[<p><b>Brand Name</b>: <span>Isolyte S pH 7.4</span> <meta content=""true"" itemprop=""isProprietary""/></p>, <p><b>Generic Name</b>: <span>SODIUM CHLORIDE, SODIUM GLUCONATE, SODIUM ACETATE, POTASSIUM CHLORIDE, MAGNESIUM CHLORIDE, SODIUM PHOSPHATE, DIBASIC, AND POTASSIUM PHOSPHATE</span></p>, <p><b>Drug Type</b>: HUMAN PRESCRIPTION DRUG</p>, <p> </p>, <p><b>Route</b>: <span>INTRAVENOUS</span></p>, <p><b>Dosage Form</b>: INJECTION, SOLUTION</p>, <p><b>Data Current As Of</b>: 2019-10-21</p>]"
187,"[<p><b>Brand Name</b>: <span>IsonaRif</span> </p>, <p><b>Generic Name</b>: <span>RIFAMPIN AND ISONIAZID</span></p>, <p><b>Drug Type</b>: HUMAN PRESCRIPTION DRUG</p>, <p><b>Route</b>: <span>ORAL</span></p>, <p><b>Dosage Form</b>: CAPSULE</p>, <p><b>Data Current As Of</b>: 2018-10-05</p>]"
188,"[<p><b>Brand Name</b>: <span>Isoniazid</span> <meta content=""true"" itemprop=""isProprietary""/></p>, <p><b>Generic Name</b>: <span>ISONIAZID</span></p>, <p><b>Drug Type</b>: HUMAN PRESCRIPTION DRUG</p>, <p><b>Route</b>: <span>INTRAMUSCULAR</span></p>, <p><b>Dosage Form</b>: INJECTION, SOLUTION</p>, <p><b>Data Current As Of</b>: 2020-04-20</p>]"
189,"[<p><b>Brand Name</b>: <span>Isoniazid</span> </p>, <p><b>Generic Name</b>: <span>ISONIAZID</span></p>, <p><b>Drug Type</b>: HUMAN PRESCRIPTION DRUG</p>, <p><b>Route</b>: <span>ORAL</span></p>, <p><b>Dosage Form</b>: TABLET</p>, <p><b>Data Current As Of</b>: 2018-12-24</p>]"
190,"[<p><b>Brand Name</b>: <span>isoniazid</span> </p>, <p><b>Generic Name</b>: <span>ISONIAZID</span></p>, <p><b>Drug Type</b>: HUMAN PRESCRIPTION DRUG</p>, <p><b>Route</b>: <span>ORAL</span></p>, <p><b>Dosage Form</b>: SYRUP</p>, <p><b>Data Current As Of</b>: 2019-01-14</p>]"
191,"[<p><b>Brand Name</b>: <span>Isoplate</span> </p>, <p><b>Generic Name</b>: <span>SODIUM CHLORIDE, SODIUM GLUCONATE, SODIUM ACETATE, POTASSIUM CHLORIDE, MAGNESIUM CHLORIDE, SODIUM PHOSPHATE, DIBASIC, AND POTASSIUM PHOSPHATE, MONOBASIC</span></p>, <p><b>Drug Type</b>: HUMAN PRESCRIPTION DRUG</p>, <p><b>Route</b>: <span>INTRAVENOUS</span></p>, <p><b>Dosage Form</b>: SOLUTION</p>, <p><b>Data Current As Of</b>: 2018-10-05</p>]"
192,"[<p><b>Brand Name</b>: <span>Isopropyl Alcohol</span>
<meta content=""true"" itemprop=""isProprietary""/></p>, <p><b>Generic Name</b>: <span>ISOPROPYL ALCOHOL</span></p>, <p><b>Drug Type</b>: HUMAN OTC DRUG</p>, <p><b>Route</b>: <span>TOPICAL</span></p>, <p><b>Dosage Form</b>: SWAB</p>, <p><b>Packager</b>: Mazza Healthcare, LLC</p>, <p><b>Data Current As Of</b>: 2021-03-08</p>]"
193,"[<p><b>Brand Name</b>: <span>ISOPROTERENOL</span>
<meta content=""true"" itemprop=""isProprietary""/></p>, <p><b>Generic Name</b>: <span>ISOPROTERENOL HYDROCHLORIDE</span></p>, <p><b>Drug Type</b>: HUMAN PRESCRIPTION DRUG</p>, <p><b>Route</b>: <span>INTRACARDIAC, INTRAMUSCULAR, INTRAVENOUS, SUBCUTANEOUS</span></p>, <p><b>Dosage Form</b>: INJECTION, SOLUTION</p>, <p><b>Packager</b>: Cipla USA Inc.</p>, <p><b>Data Current As Of</b>: 2021-02-11</p>]"
194,"[<p><b>Brand Name</b>: <span>Isoproterenol Hydrochloride</span> <meta content=""true"" itemprop=""isProprietary""/></p>, <p><b>Generic Name</b>: <span>ISOPROTERENOL HYDROCHLORIDE</span></p>, <p><b>Drug Type</b>: HUMAN PRESCRIPTION DRUG</p>, <p><b>Route</b>: <span>INTRAMUSCULAR, INTRAVENOUS</span></p>, <p><b>Dosage Form</b>: INJECTION, SOLUTION</p>, <p><b>Data Current As Of</b>: 2019-08-19</p>]"
195,"[<p><b>Brand Name</b>: <span>Isopto Atropine</span>
<meta content=""true"" itemprop=""isProprietary""/></p>, <p><b>Generic Name</b>: <span>ATROPINE SULFATE</span></p>, <p><b>Drug Type</b>: HUMAN PRESCRIPTION DRUG</p>, <p><b>Route</b>: <span>OPHTHALMIC</span></p>, <p><b>Dosage Form</b>: SOLUTION</p>, <p><b>Packager</b>: Alcon Laboratories, Inc.</p>, <p><b>Data Current As Of</b>: 2021-02-11</p>]"
196,"[<p><b>Brand Name</b>: <span>ISOPTO CARPINE</span>
<meta content=""true"" itemprop=""isProprietary""/></p>, <p><b>Generic Name</b>: <span>PILOCARPINE HYDROCHLORIDE</span></p>, <p><b>Drug Type</b>: HUMAN PRESCRIPTION DRUG</p>, <p><b>Route</b>: <span>OPHTHALMIC</span></p>, <p><b>Dosage Form</b>: SOLUTION/ DROPS</p>, <p><b>Packager</b>: Alcon Laboratories, Inc.</p>, <p><b>Data Current As Of</b>: 2021-10-25</p>]"
197,"[<p><b>Brand Name</b>: <span>Isopto Tears</span>
<meta content=""true"" itemprop=""isProprietary""/></p>, <p><b>Generic Name</b>: <span>HYPROMELLOSE 2910</span></p>, <p><b>Drug Type</b>: HUMAN OTC DRUG</p>, <p><b>Route</b>: <span>OPHTHALMIC</span></p>, <p><b>Dosage Form</b>: SOLUTION</p>, <p><b>Packager</b>: Alcon Laboratories, Inc.</p>, <p><b>Data Current As Of</b>: 2021-02-11</p>]"
198,"[<p><b>Brand Name</b>: <span>Isordil Titradose</span> <meta content=""true"" itemprop=""isProprietary""/></p>, <p><b>Generic Name</b>: <span>ISOSORBIDE DINITRATE</span></p>, <p><b>Drug Type</b>: HUMAN PRESCRIPTION DRUG</p>, <p><b>Route</b>: <span>ORAL</span></p>, <p><b>Dosage Form</b>: TABLET</p>, <p><b>Data Current As Of</b>: 2019-10-07</p>]"
199,"[<p><b>Brand Name</b>: <span>Isosorbide</span> <meta content=""true"" itemprop=""isProprietary""/></p>, <p><b>Generic Name</b>: <span>ISOSORBIDE MONONITRATE</span></p>, <p><b>Drug Type</b>: HUMAN PRESCRIPTION DRUG</p>, <p><b>Route</b>: <span>ORAL</span></p>, <p><b>Dosage Form</b>: TABLET, FILM COATED, EXTENDED RELEASE</p>, <p><b>Data Current As Of</b>: 2020-04-13</p>]"
200,"[<p><b>Brand Name</b>: <span>Isosorbide Dinitrate</span> </p>, <p><b>Generic Name</b>: <span>ISOSORBIDE DINITRATE</span></p>, <p><b>Drug Type</b>: HUMAN PRESCRIPTION DRUG</p>, <p><b>Route</b>: <span>ORAL</span></p>, <p><b>Dosage Form</b>: TABLET</p>, <p><b>Data Current As Of</b>: 2018-10-11</p>]"
201,"[<p><b>Brand Name</b>: <span>Isosorbide Mononitrate</span> </p>, <p><b>Generic Name</b>: <span>ISOSORBIDE MONONITRATE</span></p>, <p><b>Drug Type</b>: HUMAN PRESCRIPTION DRUG</p>, <p><b>Route</b>: <span>ORAL</span></p>, <p><b>Dosage Form</b>: TABLET</p>, <p><b>Data Current As Of</b>: 2018-10-09</p>]"
202,"[<p><b>Brand Name</b>: <span>Isosorrbide Dinitrate</span> </p>, <p><b>Generic Name</b>: <span>ISOSORBDIE DINITRATE</span></p>, <p><b>Drug Type</b>: HUMAN PRESCRIPTION DRUG</p>, <p><b>Route</b>: <span>ORAL</span></p>, <p><b>Dosage Form</b>: TABLET</p>, <p><b>Data Current As Of</b>: 2018-10-05</p>]"
203,"[<p><b>Brand Name</b>: <span>Isotretinoin</span>
<meta content=""true"" itemprop=""isProprietary""/></p>, <p><b>Generic Name</b>: <span>ISOTRETINOIN</span></p>, <p><b>Drug Type</b>: HUMAN PRESCRIPTION DRUG</p>, <p><b>Route</b>: <span>ORAL</span></p>, <p><b>Dosage Form</b>: CAPSULE, LIQUID FILLED</p>, <p><b>Packager</b>: Amneal Pharmaceuticals NY LLC</p>, <p><b>Data Current As Of</b>: 2021-02-11</p>]"
204,"[<p><b>Brand Name</b>: <span>ISOVUE 200</span> </p>, <p><b>Generic Name</b>: <span>IOPAMIDOL</span></p>, <p><b>Drug Type</b>: HUMAN PRESCRIPTION DRUG</p>, <p><b>Route</b>: <span>INTRAVASCULAR</span></p>, <p><b>Dosage Form</b>: INJECTION, SOLUTION</p>, <p><b>Data Current As Of</b>: 2018-10-05</p>]"
205,"[<p><b>Brand Name</b>: <span>ISOVUE-M</span> </p>, <p><b>Generic Name</b>: <span>IOPAMIDOL</span></p>, <p><b>Drug Type</b>: HUMAN PRESCRIPTION DRUG</p>, <p><b>Route</b>: <span>INTRATHECAL</span></p>, <p><b>Dosage Form</b>: INJECTION, SOLUTION</p>, <p><b>Data Current As Of</b>: 2018-10-07</p>]"
206,"[<p><b>Brand Name</b>: <span>Isradipine</span> </p>, <p><b>Generic Name</b>: <span>ISRADIPINE</span></p>, <p><b>Drug Type</b>: HUMAN PRESCRIPTION DRUG</p>, <p> </p>, <p><b>Route</b>: <span>ORAL</span></p>, <p><b>Dosage Form</b>: CAPSULE</p>, <p><b>Data Current As Of</b>: 2018-10-11</p>]"
207,"[<p><b>Brand Name</b>: <span>Istalol</span>
<meta content=""true"" itemprop=""isProprietary""/></p>, <p><b>Generic Name</b>: <span>TIMOLOL MALEATE</span></p>, <p><b>Drug Type</b>: HUMAN PRESCRIPTION DRUG</p>, <p><b>Route</b>: <span>OPHTHALMIC</span></p>, <p><b>Dosage Form</b>: SOLUTION/ DROPS</p>, <p><b>Packager</b>: Bausch &amp; Lomb Incorporated</p>, <p><b>Data Current As Of</b>: 2021-07-19</p>]"
208,"[<p><b>Brand Name</b>: <span>Isturisa</span>
<meta content=""true"" itemprop=""isProprietary""/></p>, <p><b>Generic Name</b>: <span>OSILODROSTAT</span></p>, <p><b>Drug Type</b>: HUMAN PRESCRIPTION DRUG</p>, <p>
</p>, <p><b>Route</b>: <span>ORAL</span></p>, <p><b>Dosage Form</b>: TABLET, COATED</p>, <p><b>Packager</b>: Recordati Rare Diseases, Inc.</p>, <p><b>Data Current As Of</b>: 2021-04-26</p>, <p>
</p>]"
209,"[<p><b>Brand Name</b>: <span>Isuprel</span> </p>, <p><b>Generic Name</b>: <span>ISOPROTERENOL HYDROCHLORIDE</span></p>, <p><b>Drug Type</b>: HUMAN PRESCRIPTION DRUG</p>, <p><b>Route</b>: <span>INTRACARDIAC, INTRAVENOUS, INTRAMUSCULAR, SUBCUTANEOUS</span></p>, <p><b>Dosage Form</b>: INJECTION, SOLUTION</p>, <p><b>Data Current As Of</b>: 2018-10-05</p>]"
210,"[<p><b>Brand Name</b>: <span>Itchy Eye</span> </p>, <p><b>Generic Name</b>: <span>KETOTIFEN FUMARATE</span></p>, <p><b>Drug Type</b>: HUMAN OTC DRUG</p>, <p><b>Route</b>: <span>OPHTHALMIC</span></p>, <p><b>Dosage Form</b>: SOLUTION/ DROPS</p>, <p><b>Data Current As Of</b>: 2018-11-26</p>]"
211,"[<p><b>Brand Name</b>: <span>itraconazole</span> <meta content=""true"" itemprop=""isProprietary""/></p>, <p><b>Generic Name</b>: <span>ITRACONAZOLE CAPSULES</span></p>, <p><b>Drug Type</b>: HUMAN PRESCRIPTION DRUG</p>, <p><b>Route</b>: <span>ORAL</span></p>, <p><b>Dosage Form</b>: CAPSULE</p>, <p><b>Data Current As Of</b>: 2019-07-22</p>]"
212,"[<p><b>Brand Name</b>: <span>Itraconazole</span> </p>, <p><b>Generic Name</b>: <span>ITRACONAZOLE</span></p>, <p><b>Drug Type</b>: HUMAN PRESCRIPTION DRUG</p>, <p> </p>, <p><b>Route</b>: <span>ORAL</span></p>, <p><b>Dosage Form</b>: SOLUTION</p>, <p><b>Data Current As Of</b>: 2019-01-21</p>]"
213,"[<p><b>Brand Name</b>: <span>Ivarest</span> <meta content=""true"" itemprop=""isProprietary""/></p>, <p><b>Generic Name</b>: <span>ZINC OXIDE, BENZYL ALCOHOL, AND DIPHENHYDRAMINE HYDROCHLORIDE</span></p>, <p><b>Drug Type</b>: HUMAN OTC DRUG</p>, <p><b>Route</b>: <span>TOPICAL</span></p>, <p><b>Dosage Form</b>: CREAM</p>, <p><b>Data Current As Of</b>: 2020-01-06</p>]"
214,"[<p><b>Brand Name</b>: <span>Ivermectin</span>
<meta content=""true"" itemprop=""isProprietary""/></p>, <p><b>Generic Name</b>: <span>IVERMECTIN</span></p>, <p><b>Drug Type</b>: HUMAN PRESCRIPTION DRUG</p>, <p><b>Route</b>: <span>TOPICAL</span></p>, <p><b>Dosage Form</b>: LOTION</p>, <p><b>Packager</b>: Taro Pharmaceuticals U.S.A., Inc.</p>, <p><b>Data Current As Of</b>: 2021-04-26</p>]"
215,"[<p><b>Brand Name</b>: <span>Ivermectin</span>
<meta content=""true"" itemprop=""isProprietary""/></p>, <p><b>Generic Name</b>: <span>IVERMECTIN</span></p>, <p><b>Drug Type</b>: HUMAN PRESCRIPTION DRUG</p>, <p><b>Route</b>: <span>TOPICAL</span></p>, <p><b>Dosage Form</b>: CREAM</p>, <p><b>Packager</b>: Paddock Laboratories, LLC.</p>, <p><b>Data Current As Of</b>: 2021-09-27</p>]"
216,"[<p><b>Brand Name</b>: <span>Ivermectin</span> </p>, <p><b>Generic Name</b>: <span>IVERMECTIN</span></p>, <p><b>Drug Type</b>: HUMAN PRESCRIPTION DRUG</p>, <p><b>Route</b>: <span>ORAL</span></p>, <p><b>Dosage Form</b>: TABLET</p>, <p><b>Data Current As Of</b>: 2018-10-11</p>]"
217,"[<p><b>Brand Name</b>: <span>iVizia Lubricant Eye for Severe Night Dry Eyes</span>
<meta content=""true"" itemprop=""isProprietary""/></p>, <p><b>Generic Name</b>: <span>POVIDONE</span></p>, <p><b>Drug Type</b>: HUMAN OTC DRUG</p>, <p><b>Route</b>: <span>OPHTHALMIC</span></p>, <p><b>Dosage Form</b>: SOLUTION, GEL FORMING / DROPS</p>, <p><b>Packager</b>: Similasan Corporation</p>, <p><b>Data Current As Of</b>: 2021-10-25</p>]"
218,"[<p><b>Brand Name</b>: <span>Ivy Block</span> </p>, <p><b>Generic Name</b>: <span>BENTOQUATAM</span></p>, <p><b>Drug Type</b>: HUMAN OTC DRUG</p>, <p> </p>, <p><b>Route</b>: <span>TOPICAL</span></p>, <p><b>Dosage Form</b>: LOTION</p>, <p><b>Data Current As Of</b>: 2018-10-07</p>]"
