,Data
0,ACI FREE (LEMON)
1,SVARJIKSARA 2.904g + NIMBUKAMLAM 2.015g + SODIUM SACCHARIN 12 mg/5g
2,Powder
3,ACI FREE (PUDINA)
4,SVARJIKSARA 2.913g + NIMBUKAMLAM 2.041g + SODIUM SACCHARIN 15 mg/5g
5,Powder
6,ACI FREE (REGULAR)
7,SVARJIKSARA 2.90g + NIMBUKAMLAM 2.10g
8,Powder
9,ACI FREE (ZEERA)
10,SVARJIKSARA 2.7764 G + NIMBUKAMLAM 2.0286 G + JEERA 0.01 G + EXCIPIENTS Q.S + SODIUM SACCHARIN IP 20 MG/5G
11,Powder
12,ACIGENE GEL 170ML MINT
13,MAGNESIUM HYDROXIDE IP 200 MG + SIMETHICONE 50 MG + DRIED AL. HYDROXIDE IP 250 MG / 10ML
14,Suspn.
15,DIGUSIL MPS (MINT)
16,DRIED ALUMINIUM HYDROXIDE GEL I.P. 250MG + MAGNESIUM HYDROXIDE IP 200MG + SIMETHICONE IP 50MG
17,Syrup
18,OXECAINE 170ML
19,DRIED ALUMINIUM + HYDROXIDE GEL IP 291 MG + MAGNESIUM HYDROXIDE IP 98 MG + OXETACAINE BP 10 MG
20,Gel
21,ALERGIN
22,CETIRIZINE HYDROCHLORIDE IP 10 MG
23,Tablets
24,ALERGIN - L
25,LEVOCETIRIZINE HYDROCHLORIDE IP 5 MG
26,Tablets
27,ALERGIN 30ML
28,CETIRIZINE HYDROCHLORIDE IP 5 MG
29,Syrup
30,CETCIP
31,CETRIZINE HYDROCHLORIDE IP 10 MG
32,Tablets
33,CETCIP - L
34,LEVOCETIRIZINE HYDROCHLORIDE IP 5MG
35,Tablets
36,CETCIP 30 ML
37,CETRIZINE HCL BP 5 MG/5 ML
38,Syrup
39,EMIN
40,PROMETHAZINE THEOCLATE IP 25 MG
41,Tablets
42,LORATIN
43,LORATADINE IP 10 MG
44,Tablets
45,NEW OKACET
46,CETIRIZINE 10 MG
47,Tablets
48,OKACET
49,CETRIZINE HCL IP 5 MG / 5 ML
50,Syrup
51,OKACET - L
52,LEVOCETIRIZINE HYDROCHLORIDE IP 5MG
53,Tablets
54,OKACET 10 MG
55,CETRIZINE HYDROCHLORIDE IP 10 MG
56,Tablets
57,VERTIRON
58,CINNARIZINE IP 25 MG
59,Tablets
60,DERICIP
61,THEOPHYLLINE IP 23 MG + ETOPHYLLINE 77 MG
62,Tablets
63,DERICIP 150 RETARD
64,ETOFHYLINE IP 115 MG + THEOPHYLLINE IP 35 MG
65,Tablets
66,DERICIP 300 RETARD
67,ETOPHYLLINE 231 MG + THEOPHYLLINE IP 69 MG
68,Tablets
69,DOXOCIP
70,DOXOFYLLINE 400 mg + EXCIPIENTS q.s.
71,Tablets
72,AZICIP 250
73,AZITHROMYCIN 250 MG
74,Tablets
75,AZICIP 500
76,AZITHROMYCIN 500 MG
77,Tablets
78,AZIPRO 250
79,AZITHROMYCIN 250 MG
80,Tablets
81,AZIPRO 500
82,AZITHROMYCIN 500 MG
83,Tablets
84,AZOMYCIN 500
85,AZITHROMYCIN 500 MG
86,Tablets
87,CEFASYN 250
88,CEFUROXIME AXETIL IP 250 MG
89,Tablets
90,CEFASYN 500
91,CEFUROXIME AXETIL IP 500 mg
92,Tablets
93,CEFIX - 100
94,CEFIXIME IP 100 MG
95,Syrup
96,CEFIX - O
97,CEFIXIME IP 200MG + OFLOXACIN IP 200MG
98,Tablets
99,CEFIX 100
100,CEFIXIME IP 100 MG
101,Tablets
102,CEFIX 200
103,CEFIXIME I.P. 200 MG
104,Tablets
105,CEFIX 200 (O)
106,CEFIXIME IP 200 MG
107,Tablets
108,CEFIX DS 30ML
109,CEFIXIME 50 MG
110,Syrup
111,CEFIX DS STRAWBERRY
112,CEFIXIME IP 50 MG
113,Syrup
114,CEFRAX 100
115,CEFIXIME IP 100 MG
116,Tablets
117,CEFRAX 200
118,CEFIXIME IP 200 MG
119,Tablets
120,CEFRAX CV
121,CEFIXIME IP 200 MG + POTASSIUM CLAVULANATE DILUTED IP 125 MG + EXCIPIENTS Q.S.
122,Tablets
123,CEFRAX DS 30 ML
124,CEFIXIME IP 50 MG
125,Syrup
126,CEFRAX O 10'S
127,CEFIXIME IP 200 MG
128,Tablets
129,CEFTAZ-1000MG
130,CEFTAZIDIME 1 GM
131,Injection
132,CEPHADEX 125DT
133,CEPHALEXIN IP 125MG DT
134,Tablets
135,CEPHADEX 250
136,CEPHALEXIN 250 MG
137,Capsules
138,CEPHADEX 250 DT
139,CEPHALEXIN IP DT
140,Tablets
141,CEPHADEX 500
142,CEPHALEXIN IP 500MG
143,Capsules
144,CEPHADEX DS
145,CEPHALEXIN IP 125MG / 5ML
146,Syrup
147,CIPMOX 250 DT
148,AMOXYCILLIN TRIHYDRATE I.P. 250MG
149,Tablets
150,CIPMOX 250 R/W 15'S
151,AMOXYCILLIN TRIHYDRATE I.P. 250MG
152,Capsules
153,CIPMOX 250 Y/G 15'S
154,AMOXYCILLIN TRIHYDRATE I.P. 250 MG
155,Capsules
156,CIPMOX 500 - O 15'S
157,AMOXYCILLIN TRIHYDRATE I.P. 500MG
158,Capsules
159,CIPMOX 500 YELLOW 15'S
160,AMOXYCILLIN TRIHYDRATE I.P. 500MG
161,Capsules
162,CIPMOX CV 625 10'S
163,AMOXYCILLIN TRIHYDRATE I.P. 500MG + POTASSIUM CLAVULANATE DILUTED I.P. 125MG
164,Tablets
165,L QUIN 250
166,LEVOFLOXACIN HEMIHYDRATE I.P. 250MG
167,Tablets
168,L QUIN 500
169,LEVOFLOXACIN HEMIHYDRATE I.P. 500MG
170,Tablets
171,L QUIN 750
172,LEVOFLOXACIN HEMIHYDRATE I.P. 750MG
173,Tablets
174,LEVOQUIN 250
175,LEVFLOXACIN 250 MG
176,Tablets
177,LEVOQUIN 500
178,LEVOFLOXACIN HEMIHYDRADE I.P. 500 MG
179,Tablets
180,MEGACLOX DT (NEW)
181,AMPICILLIN TRIHYDRATE I.P. 125MG + DICLOXACILLIN SODIUM I.P. 125MG
182,Tablets
183,MUPICIP 5GM
184,MUPIROCIN 2.0%
185,Ointment
186,MUPICIP 10GM
187,MUPIROCIN 2.0%
188,Ointment
189,MUPICIP 15GM
190,MUPIROCIN 2.0% W/W
191,Ointment
192,NEW NOVACLOX-LB
193,AMOXYCILLIN TRIHYDRATE 250MG + DICLOXACILLIN SODIUM 250MG + LACTIC ACID BACILLUS
194,Capsules
195,NOVACLAV 625 6'S
196,AMOXYCILLIN TRIHYDRATE IP 500MG + POTASSIUM CLAVULANATE DILUTED IP 125MG
197,Tablets
198,NOVACLAV 625 10'S
199,AMOXYCILLIN TRIHYDRATE IP 500MG + POTASSIUM CLAVULANATE DILUTED IP 125MG
200,Tablets
201,NOVACLAV DRY
202,AMOXYCILLIN TRIHYDRATE IP 200MG + POTASSIUM CLAVULANATE DILUTED IP 28.5MG/ 5ML
203,Syrup
204,NOVACLOX NF
205,AMOXYCILLIN TRIHYDRATE IP 250MG + CLOXACILLIN SODIUM IP 250MG + EXCIPIENT Q.S.
206,Capsules
207,OLOX 200
208,OFLOXACIN IP 200MG
209,Tablets
210,OLOX OZ
211,OFLOXACIN 200MG + ORNIDAZOLE 500MG
212,Tablets
213,OMNICLAV 375
214,AMOXYCILLIN TRIHYDRATE IP 250MG + POTASSIUM CLAVULANATE DILUTED IP 125MG
215,Tablets
216,OMNICLAV 625
217,AMOXYCILLIN TRIHYDRATE IP 500MG + POTASSIUM CLAVULANATE DILUTED IP 125MG
218,Tablets
219,OMNICLAV DS 30ML
220,AMOXYCILLIN 200MG + CLAVULANIC ACID 28.5MG
221,Syrup
222,PODOCIP 50 DS
223,CEFPODOXIME PROXETIL IP 50 MG
224,Dry Syp
225,PODOCIP 200 10'S
226,CEFPODOXIME PROXETIL IP 200MG
227,Tablets
228,PODOCIP CV
229,CEFPODOXIME PROXETIL IP 200MG + POTASSIUM CLAVULANATE DILUTED IP 125MG + EXCIPIENTSQ.S.
230,Tablets
231,POWERGYL OZ
232,OFLOXACIN IP 200MG + ORNIDAZOLE IP 500MG
233,Tablets
234,ROXEE 150
235,ROXYTHROMYCIN 150 MG
236,Tablets
237,TARIFLOX 200
238,OFLOXACIN IP 200MG
239,Tablets
240,TARIFLOX OZ
241,OFLOXACIN 200MG + ORNIDAZOLE 500MG
242,Tablets
243,ZOCLAR 250
244,CLARITHROMYCIN IP 250MG
245,Tablets
246,ZOCLAR 500
247,CLARITHROMYCIN IP 500MG
248,Tablets
249,ALERGIN COLD TOTAL
250,LEVOCETIRIZINE HYDROCHLORIDE IP 5MG + PARACETAMOL IP 325MG + PHENYLEPHRINE HYDROCHLORIDE IP 5MG
251,Tablets
252,CHESTON COLD 20'S
253,CETIRIZINE DIHYDROUCHLORIDE IP 5MG + PHENYLEPHRINE HYDROCHLORIDE IP 10MG + PARACETAMOL IP 325MG
254,Tablets
255,CHESTON COLD TOTAL
256,LEVOCETIRIZINE HYDROCHLORIDE IP 5MG + PARACETAMOL IP 325MG + PHENYLEPHRINE HYDROCHLORIDE IP 5MG
257,Tablets
258,NOCOLD PLUS
259,TRIPROLIDINE HYDROCHLORIDE IP 2.5MG + PHENYLEPHRINE HYDROCHLORIDE IP 10MG + PARACETAMOL IP 325MG
260,Tablets
261,OKACET COLD TOTAL
262,LEVOCETIRIZINE HYDROCHLORIDE IP 5MG + PARACETAMOL IP 325MG + PHENYLEPHRINE HYDROCHLORIDE IP 5MG
263,Tablets
264,OKACET-L 30ML
265,LEVOCETIRIZINE DIHYDROCHLORIDE 2.5 MG
266,Syrup
267,ACARCIP 25
268,ACARBOSE 25MG
269,Tablets
270,ACARCIP 50
271,ACARBOSE 50MG + EXCIPIENTS Q.S.
272,Tablets
273,ETHAMCIP 250
274,ETHAMSULATE B.P. 250MG
275,Tablets
276,ETHAMCIP 500
277,ETHAMSYLATE B.P. 500MG
278,Tablets
279,EXERMET GL
280,GLIBENCLAMIDE 5MG + METFORMIN HYDROCHLORIDE 500MG
281,Tablets
282,GLIMDA 1
283,GLIMEPRIDE 1MG
284,Tablets
285,GLIMDA 2
286,GLIMEPRIDE 2MG
287,Tablets
288,GLIMDA-MV 1
289,METFORMIN HYDROCHLORIDE 500MG + GLIMEPIRIDE 1MG + VOGLIBOSE 0.2MG
290,Tablets
291,GLIMDA-MV 2
292,METFORMIN HYDROCHLORIDE 500MG + GLIMEPIRIDE 2MG + VOGLIBOSE 0.2MG
293,Tablets
294,GLINIL
295,GLIBENCLAMIDE 5MG
296,Tablets
297,GLINIL M
298,GLIBENCLAMIDE IP 5MG + METFORMIN HCL 500MG
299,Tablets
300,GLYGARD
301,GLICLAZIDE 80MG + EXCIPIENTS Q.S.
302,Tablets
303,GLYGARD M
304,GLICLAZIDE 80MG + METFORMIN HYDROCHLORIDE 500MG + EXCIPIENTS Q.S.
305,Tablets
306,METFOR 500
307,METFORMIN HYDROCHLORIDE IP 500MG
308,Tablets
309,OKAMET 500
310,METFORMIN HYDROCHLORIDE IP 500MG
311,Tablets
312,TENEPLA
313,TENELIGLIPTIN HYDROBROMIDE HYDRATE 20MG
314,Tablets
315,TENEPLA M 500
316,TENELIGLIPTIN HYDROBROMIDE HYDRATE 20MG + METFORMIN HYDROCHLORIDE 500MG + EXCIPIENTS Q.S.
317,Tablets
318,TENEPLA M 1000
319,TENELIGLIPTIN HYDROBROMIDE HYDRATE 20MG + METFORMIN HYDROCHLORIDE 500MG + EXCIPIENTS Q.S.
320,Tablets
321,VOGLICIP 0.2
322,VOGLIBOSE 0.2MG + EXCIPIENTS Q.S.
323,Tablets
324,VOGLICIP 0.3
325,VOGLIBOSE 0.3MG + EXCIPIENTS Q.S.
326,Tablets
327,NEW POWERGYL 30 ML
328,OFLOXACIN 50MG + METRONIDAZOLE BENZOATE IP 100MG
329,Suspn.
330,OFLOX OZ NF 30 ML
331,OFLOXACIN 50MG/5ML + METRONIDAZOLE BENZOATE 100MG/5ML
332,Suspn.
333,ROKO
334,LOPERAMIDE HCL IP 2MG
335,Capsules
336,VERTIGIL
337,CINNARIZINE IP 20MG + DOMPERIDONE MALEATE IP 15MG
338,Tablets
339,VOMETIL
340,PROCHLORPERAZINE MALEATE IP 5MG
341,Tablets
342,VOMETIL MD
343,PROCHLORPERAZINE MALEATE 5MG
344,Tablets
345,VOMISTOP 10 DT
346,DOMPERIDONE IP 10MG DISPERSIBLE
347,Tablets
348,VOMISTOP 10'S
349,DOMPERIDONE IP 10MG
350,Tablets
351,VOMISTOP 30 ML
352,DOMPERIDONE 1MG
353,Suspn.
354,DANFREE 100ML - 1%
355,KETOCONAZOLE IP 1%
356,Shampoo
357,DANFREE 100ML - 2%
358,Ketoconazole IP 2%
359,Shampoo
360,FLUKA 150
361,FLUCONAZOLE IP 150MG
362,Tablets
363,FLUKA 150
364,FLUCONAZOLE IP 150MG
365,Capsules
366,FUNGICIP 150
367,FLUCONAZOLE IP 150MG
368,Tablets
369,FUNGICIP 200
370,FLUCONAZOLE 200MG
371,Tablets
372,ITRACIP 100
373,ITRACONAZOLE USP 100MG
374,Capsules
375,ITRACIP 200
376,ITRACONAZOLE 200MG
377,Capsules
378,ITRANOX 100
379,ITRACONAZOLE 100MG
380,Capsules
381,ITRANOX 100
382,ITRACONAZOLE BP 100MG
383,Capsules
384,ITRANOX 200
385,ITRACONAZOLE 200MG
386,Capsules
387,KETOCIP
388,KETOCONAZOLE IP 200MG
389,Tablets
390,KETOCIP 100ML - 1%
391,KETOCONAZOLE IP 1%
392,Shampoo
393,KETOCIP 100ML - 2%
394,KETOCONAZOLE IP 2%
395,Shampoo
396,LULITEC 10 GM
397,LULICONAZOLE 1.0% + METHYLPARABEN 0.14% + BENZYL ALCOHOL 1.0%
398,Cream
399,LULITEC 20 GM
400,LULICONAZOLE 1.0% + METHYLPARABEN 0.14% + BENZYL ALCOHOL 1.0%
401,Cream
402,LULITEC 30 GM
403,LULICONAZOLE 1.0% + METHYLPARABEN 0.14% + BENZYL ALCOHOL 1.0%
404,Cream
405,BENDEX - 400
406,ALBENDAZOLE IP 400MG
407,Tablets
408,BENDEX 10ML
409,ALBENDAZOLE IP 200MG
410,Suspn.
411,BENDEX PLUS
412,IVERMECTIN IP 6MG + ALBENDAZOLE IP 400MG
413,Tablets-Blister
414,MEBEX
415,MEBENDAZOLE 100MG
416,Tablets
417,MEBEX 30ML
418,MEBENDAZOLE 100MG
419,Suspn.
420,X-WORM 400MG
421,ALBENDAZOLE IP 400MG
422,Tablets
423,CILOGARD 5 MG
424,CILNIDIPINE 5MG + EXCIPIENTS Q.S.
425,Tablets
426,CILOGARD 10 MG
427,CILNIDIPINE 10MG + EXCIPIENTS Q.S.
428,Tablets
429,CILOGARD 20 MG
430,CILNIDIPINE 20MG + EXCIPIENTS Q.S.
431,Tablets
432,COSART-25
433,LOSARTAN POTASSIUM IP 25MG
434,Tablets
435,COSART-50
436,LOSARTAN POTASSIUM IP 50 MG
437,Tablets
438,COSART-H
439,LLOSARTAN POTASSIUM IP 50MG + HYDROCHLOROTHAIZE IP 12.5MG
440,Tablets
441,PRESOLAR
442,ATENOLOL IP 50MG + NIFEDIPINE IP 20MG
443,Capsules
444,PRILACE 2.5
445,RAMIPRIL IP 2.5MG
446,Tablets
447,PRILACE 5
448,RAMIPRIL IP 5MG
449,Tablets
450,PRILACE 10
451,RAMIPRIL IP 10MG
452,Tablets
453,ZAART-50
454,LOSARTAN POTASSIUM IP 50MG
455,Tablets
456,CIPLADINE 10% 10GM
457,POVIDONE-IODINE 10%
458,Ointment
459,CIPLADINE 10GM
460,POVIDONE IODINE 5% OINTMENT + LODINE 0.5% W/W
461,Ointment
462,CIPLADINE 15GM
463,POVIDONE IODINE 5% + LODINE 0.5% W/W
464,Ointment
465,CIPLADINE 20GM
466,POVIDONE IODINE OINTMENT IP 5% + LODINE 0.5% W/W
467,Ointment
468,CIPLADINE 25GM
469,POVIDONE -LODINE IP 5%
470,Ointment
471,CIPLADINE 30GM
472,POVIDONE -LODINE IP 5%
473,Ointment
474,CIPLADINE 250GM
475,POVIDONE IODINE IP 5% + LODINE 0.5% W/W
476,Ointment
477,CIPLADINE 7.50% 100 ML
478,POVIDONE-LODINE IP 7.5% + PURIFED WATER IP Q.S.
479,Suspn.
480,CIPLADINE 100ML
481,POVIDONE IODINE IP 5% SOLUTION + LODINE 0.5%
482,Suspn.
483,CIPLADINE 500ML
484,POVIDONE IODINE IP 5% SOLUTION + PURIFED WATER IP Q.S.
485,Suspn.
486,CIPLADINE 500ML
487,POVIDONE IODINE I.P. 7.5% + PURIFED WATER IP Q.S.
488,Scrub
489,CIPLADINE GARGLE
490,POVIDONE-LODINE IP 2% + ABSOLUTE ALCOHOL CONTENT 8.38 % V/V
491,Solution
492,CIPLADINE POWDER 10GM
493,POVIDONE 5% POWDER
494,Powder
495,TUELA
496,DROTAVERINE HYDROCHLORIDE 80MG + MEFENAMIC ACID 250MG
497,Tablets
498,ITORAB
499,RABEPRAZOLE SODIUM 20MG + ITOPRIDE HYDROCHLORIDE 150MG
500,Capsules
501,LANZOL - 30
502,LANSOPRAZOLE IP 30MG
503,Capsules
504,LOMAC 20
505,OMEPRAZOLE 20MG
506,Capsules
507,LOMAC-D
508,DOMPERIDONE IP 10MG + OMEPRAZOLE IP 20MG
509,Capsules
510,NEW PANTOSEC D SR 10'S
511,PANTOPRAZOLE SODIUM IP 40MG + DOMPERIDONE MALEATE 30MG
512,Capsules
513,OKACID
514,OMEPRAZOLE 20MG
515,Capsules
516,OKACID D
517,DOMPERIDONE 10MG + OMEPRAZOLE 20MG
518,Capsules
519,OMECIP 20
520,OMEPRAZOLE IP 20MG
521,Capsules
522,OMECIP D
523,DOMPERIDONE 10MG + OMEPRAZOLE 20MG
524,Capsules
525,OMECIP D SR
526,OMEPRAZOLE 20MG + DOMPERIDONE 30MG
527,Capsules
528,PANTOCIP IV
529,PANTOPRAZOLE SODIUM 40MG
530,Injection
531,PANTOSEC
532,PANTOPRAZOLE SODIUM IP 40MG
533,Tablets
534,PANTOSEC D
535,PANTOPRAZOLE 40MG + DOMPERIDONE 10MG
536,Tablets
537,PANTOSEC IV
538,PANTOPRAZOLE 40MG
539,Injection
540,PANTOSEC - LS
541,PANTOPRAZOLE SODIUM SESQUIHYDRATE IP 40MG + LEVOSULPIRIDE 75MG
542,Capsules
543,RABESEC 20
544,RABEPRAZOLE 20MG
545,Tablets
546,RABESEC AP 200 SR
547,ACECLOFENAC 200MG + RABEPRAZOLE SODIUM 20MG + EXCIPIENTS Q.S.
548,Capsules
549,RABESEC D
550,RABEPRAZOLE 20MG + DOMPERIDON 10MG
551,Tablets
552,RABESEC D SR
553,RABEPRAZOLE SODIUM IP 20MG + DOMPERIDONE IP 30MG
554,Capsules
555,RABITEC D SR CAP
556,RABEPRAZOLE 20MG + DOMPERIDON 10MG
557,Capsules
558,RABESEC LS
559,RABEPRAZOLE SODIUM IP 20MG + LEVOSULPIRIDE 75MG
560,Capsules
561,CIPLORIC 100
562,ALLOPURINOL 100MG
563,Tablets
564,CIPLORIC 300
565,ALLOPURINOL 300MG
566,Tablets
567,FEBUTEC 80
568,FEBUXOSTAT 80MG
569,Tablets
570,ZYRIK 100
571,ALLOPURINOL IP 100 MG
572,Tablets
573,ZYRIK 300
574,ALLOPURINOL IP 300 MG
575,Tablets
576,ACEBROTEC-200 SR
577,ACEBROPHYLLINE 200MG
578,Tablets
579,AMLIP 2.5
580,AMLODIPINE BESILATE IP 2.5MG
581,Tablets
582,AMLIP 2.5 (BLISTER)
583,AMLODIPINE BESILATE IP 2.5MG
584,Tablets
585,AMLIP 5
586,AMLODIPINE BESILATE IP 5MG
587,Tablets
588,AMLIP 5 (BLISTER)
589,AMLODIPINE BESILATE IP 5MG
590,Tablets
591,AMLIP 10
592,AMLODIPINE BESILATE IP 10MG
593,Tablets
594,AMLIP 10 (BLISTER)
595,AMLODIPINE BESILATE IP 10MG
596,Tablets
597,AMLIP AT
598,AMLODIPINE BESILATE IP 5MG + ATENOLOL IP 50MG
599,Tablets
600,AMLIP AT (BLISTER)
601,AMLODIPINE BESILATE IP 5MG + ATENOLOL 50MG
602,Tablets
603,CLOPICARD 15'S
604,CLOPIDOGREL BISULPHATE IP 75MG
605,Tablets
606,CLOPICARD AP 75 15'S
607,CLOPIDOGREL BISULPHATE IP 75MG + ASPIRIN IP 75MG
608,Tablets
609,DILVAS 2.5
610,ENALAPRIL MALEATE IP 2.5MG
611,Tablets
612,DILVAS 5
613,ENALAPRIL MALEATE IP 5MG
614,Tablets
615,DILVAS 10
616,ENALAPRIL MALEATE IP 10MG
617,Tablets
618,HIPRES 25
619,ATENOLOL IP 25 MG
620,Tablets
621,HIPRES 50
622,ATENOLOL IP 50MG
623,Tablets
624,ISOMIN 20
625,ISOSORBIDE MONONITRATE 20MG
626,Tablets
627,LIPVAS 10
628,ATORVASTATIN CALCIUM 10MG
629,Tablets
630,LIPVAS 20
631,ATORVASTAIN CALCIUM IP 20MG
632,Tablets
633,LIPVAS 40
634,ATORVASTATIN CALCIUM IP 40MG
635,Tablets
636,OMNITOR 10
637,ATORVASTATION CALCIUM 10MG
638,Tablets
639,OMNITOR 20
640,ATORVASTATION CALCIUM 20MG
641,Tablets
642,ZAART - 25
643,LOSARTAN POTASSIUM IP 25MG
644,Tablets
645,ZAART - H
646,LOSARTAN POTASSIUM IP 50MG + HYDROCHLOROTHIAZIDE IP 12.5MG
647,Tablets
648,ALERGIN COLD AND FLU NF
649,PARACETAMOL 500MG + PHENYLEPHRINE HYDROCHLORIDE 5MG + CAFFEINE 30MG + DIPHENHYDRAMINE HYDROCHLORIDE 25MG + EXCIPIENTS Q .S
650,Tablets
651,BRO-COFDEX 100 ML
652,TERBUTALINE SULPHATE IP 1.25MG + BROMHEXINE HYDROCHLORIDE IP 4MG + GUAPHENESIN IP 50MG + MENTHOL IP 2.5MG (IN A FLAVOURED SYRUPY BASE Q.S.)
653,Syrup
654,CHESTON 100 ML
655,BROMHEXINE HYDROCHLORIDE 4MG + GUAIPHENESIN 50MG + CHLORPHENIRAMINE MALEATE 2MG (IN FLAVOURED BASE)
656,Expt.
657,CHESTON AX 100ML
658,AMBROXOL HYDROCHLORIDE 30MG + LEVOSALBUTAMOL 1MG + GUAIPHENESIN 50MG
659,Syrup
660,CHESTON COLD
661,CETIRIZINE DIHYDROCHLORIDE IP 5MG + PHENYLEPHRINE HYDROCHLORIDE IP 10MG + PARACETAMOL IP 325MG
662,Tablets
663,CHESTON COLD NEW (SILVER)
664,CETIRIZINE DIHYDROCHLORIDE IP 5MG + PHENYLEPHRINE HYDROCHLORIDE IP 10MG + PARACETAMOL IP 325MG
665,Tablets
666,CHESTON COLD - (AMBER)
667,CETIRIZINE DIHYDROCHLORIDE IP 5MG + PHENYLEPHRINE HYDROCLORIDE IP 10MG + PARACETAMOLD IP 325MG
668,Tablets
669,CHESTON COLD & FLU NF
670,PARACETAMOL 500MG + PHENYLEPHRINE HYDROCHLORIDE 5MG + CAFFEINE 30MG + DIPHENHYDRAMINE HYDROCHLORIDE 25MG + EXCIPIENTS Q .S
671,Tablets
672,CHESTON COLD 60ML
673,PARACETAMOL 125 MG + PHENYLEPHRINE HYDROCLORIDE IP + 5MG CETERIZINE DIHYDROCLORIDE IP 2MG
674,Suspn.
675,CHESTON COLD DS 60 ML
676,PARACETAMOL IP 250MG + PHENYLEPHRINE HYDROCHLORIDE IP 5MG + CETIRIZINE DIHYDROCHLORIDE IP 2MG
677,Suspn.
678,CHESTON COLD NEW (SILVER)
679,CETIRIZINE DIHYDROCHLORIDE IP 5MG + PHENYLEPHRINE HYDROCHLORIDE IP 10MG + PARACETAMOL IP 325MG
680,Tablets
681,CHESTON CS COUGH SYRUP
682,DEXTROMETHORPHAN HYDROBROMIDE 10MG + CHLORPHENIRAMINE MALEATE 2MG
683,Syrup
684,CHESTON DX 100 ML
685,DEXTROMETHORPHAN HYDROBROMIDE IP 10MG + CHLORPHENIRAMINE MALEATE IP 2MG
686,Syrup
687,CHESTON EXPT. 60ML
688,BROMHEXINE HYDROCHLORIDE 4MG + GUAIPHENESIN 50MG + CHLORPHENIRAMINE MALEATE 2MG
689,Syrup
690,CHESTON EXPECTORANT 100ML
691,BROMHEXINE HYDROCHLORIDE 4MG + GUAIPHENESIN 50MG + CHLORPHENIRAMINE MALEATE 2MG
692,Syrup
693,CHESTON PLUS EXPT. 100 ML
694,AMBROXOL HYDROCHLORIDE 15MG + TERBUTALINE SULPHATE 1.25MG + GUAIPHENESIN 50MG
695,Syrup
696,COF - Q (NEW)
697,PARACETAMOL IP 325MG + BROMHEXINE HYDROCHLORIDE IP 8MG + CHLORPHENIRAMINE MALEATE IP 2MG + PHENYLEPHRINE HYDROCHLORIDE IP 10MG + GUALPHRNESIN IP 100MG
698,Tablets
699,COF - Q D SYP
700,DEXTROMETHRPHAN HYDROROMINE IP 10MG + PHENYLEPHRINE HYDROCLORIDE IP 5MG
701,Syrup
702,COF - Q DX
703,DEXTROMEHORPHAN HYDROBROMIDE 10MG + CHLORPHENIRAMINE MALEATE 2MG + PHENYLEPHRINE HYDROCHLORIDE 5MG + EXCIPIENTS Q.S.
704,Tablets
705,COF-RYL 60ML
706,DIPHENHYDRAMINE HCL IP 14.08MG + AMONIUM CLORIDE IP 138MG + SODIUM CITRET 57.03MG
707,Syrup
708,COF-RYL 100ML
709,DIPHENHYDRAMINE HCL IP 14.08MG + AMONIUM CLORIDE IP 138MG + SODIUM CITRET 57.03MG
710,Syrup
711,COF - VYN
712,BROMHEXINE HYDROCHLORIDE IP 8.00MG + PHENYLEPHRINE HYDROCHLORIDE IP 5.00MG
713,Tablets
714,COFDEX 100 ML
715,BROMHEXINE HCL IP 4MG + DEXTROMETHORPHAN HBR 5MG + AMMONIUM CHLORIDE IP 50MG + MENTHOL 2MG/5ML
716,Syrup
717,COFDEX PLUS - 100ML
718,DEXTROMETHORPHAN HYDROBROMIDE IP 5MG + CHLORPHENIRAMINE MALEATE IP 2.5MG + GUAIPHENESIN IP 50MG + AMMONIUM CHLORIDE IP 60MG
719,Syrup
720,COFTON - 100ML
721,CHLOROPEHIRAMINE MALEATE IP 2.5MG + AMMONIUM CHLORIDE IP 125MG + SODIUM CITRATE IP 55MG/5ML
722,Expt.
723,EASI BREATHE SOFTGEL
724,CAMPHOR IP 66MG + CHLOROTHYMOL 5MG + EUCALYPTOL USP 125MG + MENTHOL IP 55MG + TERPINEOL BP 120MG
725,Capsules
726,MUCOLINC AX 100ML
727,TERBUTALINE SULPHATE 1.5MG + GUAIPHENESIN 50MG + AMBROXOL HYDROCHLORIDE 15MG
728,Syrup
729,MUCOLINC EXPECTORANT
730,TERBUTALINE SULPHATE IP 1.25MG + BROMHEXINE HYDROCHLORIDE IP 4MG + GUAIPHENESIN IP 50MG + MENTHOL IP 2.5 MG
731,Syrup
732,NEW COFDEX PAED
733,DEXTROMETHORPHAN HYDROBROMIDE IP 5MG + BROMHEXINE HYDROCHLORIDE IP 4MG + PHENYLEPHRINE HYDROCHLORIDE IP 5MG + MENTHOL IP 2.5MG
734,Syrup
735,NICIP COLD & FLU NF
736,PARACETAMOL IP 500MG + PHENYLEPHRINE HYDROCHLORIDE IP 5MG + CAFFEINE IP 30MG + DIPHENHYDRAMINE HYDROCHLORIDE IP 25MG + EXCIPIENTS Q.S.
737,Tablets
738,NIMUPAIN COLD & FLU NF
739,PARACETAMOL 500MG + PHENYLEPHRINE HYDROCHLORIDE 5MG + CAFFEINE 30MG + DIPHENHYDRAMINE HYDROCHLORIDE 25MG + EXCIPIENTS Q .S
740,Tablets
741,NOCOLD
742,PARACETAMOL IP 325MG + PHENYLEPHRINE HYDROCHLORIDE IP 5MG + CAFFEINE IP 25MG + CHLORPHENIRAMINE MALEATE IP 2MG
743,Tablets
744,NOCOLD
745,PHENYLEPHRINE HYDROCHLORIDE IP 5MG + CHLORPHENIRANMINE MALEATE IP 2MG
746,Drops
747,NOCOLD 60ML
748,PHENYLEPHRINE HYDROCHLORIDE IP 2MG + CHLORPHENIRAMINE MALEATE IP 2MG
749,Syrup
750,NOCOLD PLUS
751,PARACETAMOL 125MG + CPM 1MG + SODIUM CITRATE 60MG
752,Syrup
753,NODARD
754,NIMESULIDE TAB 100MG + NIMESULIDE BP 100MG
755,Tablets
756,NODARD PLUS
757,NIMESULIDE 100MG + PARACETAMOL 325MG
758,Tablets
759,OKACET COLD
760,CETIRIZINE DIHYDROCHLORIDE IP 5MG + PHENYLEPHRINE HYDROCHLORIDE IP 10MG + PARACETAMOL IP 325MG
761,Tablets
762,REXCOF DX NF 60ML
763,DEXTROMETHORPHAN HYDROBROMIDE 10MG + CHLORPHENIRAMINE MALEATE 2MG
764,Syrup
765,REXCOF DX NF 100ML
766,DEXTROMETHORPHAN HYDROBROMINE IP 10MG + CHLORPHENIRAMINE MALEATE IP 2MG
767,Syrup
768,REXCOF SOFTGELS
769,CHLORPHENIRAMINE MALEATE IP 2MG + DEXTROMETHORPHAN HYDROBROMIDE IP 10MG + PHENYLEPHRINE HYDROCHLORIDE IP 5MG + EXCIPIENTS Q.S.
770,Capsules
771,NUTROZYME 200ML
772,EACH 5 ML CONTAINS DIASTASE IP 50 MG + PEPSIN IP 10 MG
773,Syrup
774,ORTHAL FORTE
775,TRYPSIN AND CHYMOTRYPSIN
776,Tablets
777,TADACIP 20 10'S
778,TADALAFIL 20MG
779,Tablets
780,LIVETONE 100ML
781,LIVER TONIC AYURVEDIC
782,Syrup
783,LIVETONE 200ML
784,LIVER TONIC AYURVEDIC
785,Syrup
786,LIVETONE 225ML
787,HIMSRA 34MG + KASANI 34MG + KAKAMACHI 16MG + ARJUNA 16MG + KASAMARDA 8MG + BIRANJASIPHA 8MG + JHAVUKA 8MG
788,Syrup
789,LIVETONE DS 100ML
790,EACH 5 ML CONTAINS EXTRACT OF HIMSRA 68MG + KASANI 68MG + KAKAMACHI 32MG + ARJUNA 32MG + KASAMARDA 16MG + BIRANJASPHA 16MG + JHAVUKA 16MG
791,Syrup
792,LIVETONE DS 200 ML
793,HIMSRA 68MG + KASANI 68MG + KAKAMACHI 32MG + ARJUNA 32MG + KASAMARDA 16MG + BIRANJASPHA 16MG + JHAVUKA 16MG
794,Syrup
795,NO DARAR
796,DURAHARIDRA + KAMPILAK + PAKHANBED + MAJISTHA + DODISHAK AND SARJARAS + 35.4% + RAKTAPRAKA 3.6^ BASE
797,Cream
798,BOLAX
799,BISACODYL IP 5MG
800,Tablets
801,EASYLAX 170ML
802,LIQUID PARAFFIN 3.75ML + MILK OF MAGNESIA 11.25ML
803,Bottle
804,EASYLAX PLUS 170ML
805,LIQUID PARAFFIN 3.75ML + MILK OF MAGNESIA 1.25ML + SODIUM PICOSULFATE 3.33MG
806,Bottle
807,XYMOS
808,READY MIX COMBI BAR FLAKES + LEMON GRASS OIL + GLYCERIN + CITRONELLA OIL + PERFUME
809,Soap
810,ACEFLEX PLUS (AMBER)
811,PPARACETAMOL IP 325MG + ACECLOFENAC IP 100MG
812,Tablets
813,ACEFLEX PLUS (ORANGE)
814,PPARACETAMOL IP 325MG + ACECLOFENAC IP 100MG
815,Tablets
816,CIP-ZOX
817,DICLOFENAC SODIUM IP 50MG + PARACETAMOL IP 325MG + CHLOROZOXAZONE USP 500MG + EXCIPIENT Q.S.
818,Tablets
819,CIPZEN D
820,SERRATIOPEPTIDSE IP 10MG + DICLOFENAC SODIUM IP 50MG
821,Tablets
822,CIPZEN DP
823,DICLOFENAC POTASSIUM 50MG + SERRATIOPEPTIDASE 10MG + EXCIPIENTS Q.S.
824,Tablets
825,CIPZOX
826,DICLOFENAC SODIUM IP 50MG + PARACETAMOL IP 325MG CHLORZOXAZONE USP 500MG + EXCIPIENT Q.S.
827,Tablets
828,COBIX 100
829,CELECOXIB 100MG
830,Tablets
831,COBIX 200
832,CELECOXIB 200MG
833,Tablets
834,COFENAC PLUS (W)
835,DICLOFENAC SODIUM IP 50MG + PARACETAMOL IP 325MG
836,Tablets
837,DOMCET
838,PARACETAMOL 325MG + DOMPERIDONE MALEATE IP 10MG
839,Tablets
840,DOMPAR
841,DOMPERIDONE IP 10MG + PARACETAMOL IP 325MG
842,Tablets
843,MOBICAM DT
844,PIROXICAM IP 20MG DISPERSIBLE
845,Tablets
846,MOVEXX MR
847,ACECLOFENAC IP 100MG + PARACETAMOL IP 325MG + CHLORZOXAZONE USP 250MG
848,Tablets
849,MOVEXX SP
850,ACECLOFENAC IP 100MG + PARACETAMOL IP 325MG + SERRATIOPEPTIDASE IP 15MG
851,Tablets
852,MOVEXX SPAS
853,ACECLOFENAC 100MG + DROTAVERINE HYDROCHLORIDE 80MG + EXCIPIENTS Q.S.
854,Tablets
855,NICIP (BLUE)
856,NIMESULIDE BP 100MG
857,Tablets
858,NICIP 100
859,NIMESULIDE BP 100MG
860,Tablets
861,NICIP DS
862,NIMESULIDE BP 200GM
863,Tablets
864,NICIP MD
865,NIMESULIDE BP 100MG
866,Tablets
867,NICIP MR
868,NIMESULIDE BP 100MG + CHLORZOXAZONE USP 375MG + PARACETAMOL IP 325MG
869,Tablets
870,NICIP OVAL 10S BLISTERS
871,NIMESULIDE BP 100MG
872,Tablets
873,NICIP P 10'S
874,NIMESULIDE BP 100MG + PARACETAMOL IP 325MG
875,Tablets
876,NICIP PLUS
877,NIMESULIDE BP 100MG + PARACETAMOL IP 325MG
878,Tablets
879,NICIP PLUS - GOLDEN
880,NIMESULIDE BP 100MG + PARACETAMOL IP 325MG
881,Tablets
882,NIMUPAIN
883,NIMESULIDE BP 100MG
884,Tablets
885,NIMUPAIN PLUS (BROWN)
886,NIMESULIDE BP 100MG + PARACETAMOL IP 325MG
887,Tablets
888,PARACIP
889,PARACETAMOL SYRUP 125MG/5ML
890,Syrup
891,PARACIP
892,PARACETAMOL 150MG/ML
893,Drops
894,PARACIP 500
895,PARACETAMOL IP 500MG
896,Tablets
897,PARACIP 500 (B)
898,PARACETAMOL IP 500MG
899,Tablets
900,PARACIP 500 (L) 15'S
901,PARACETAMOL IP 500MG
902,Tablets
903,PARACIP 500 OVAL
904,PARACETAMOL 500MG
905,Tablets
906,PARACIP - 650
907,PARACETAMOL IP 650MG
908,Tablets
909,PARACIP SUSP 250MG
910,PARACETAMOL IP 250MG
911,Suspn.
912,PARANORM
913,PARACETAMOL IP 325MG + METACLOPRAMIDE HYDROCHLORIDE IP 5MG
914,Tablets
915,PIROX - 20
916,PIROXICAM IP 20MG
917,Capsules
918,PIROX DT
919,PIROXICAM IP 20MG
920,Tablets
921,PIROX IM 2ML
922,PIROXICAM IP 20MG + BENZYL ALCOHOL IP 20MG + ABSOLUTE ALCOHOL CONTENT 12.68% V/V+
923,Injection
924,REACTIN 100 SR 10
925,DICLOFENAC SODIUM IP 100MG
926,Tablets
927,REACTIN 100 SR 15
928,DICLOFENAC SODIUM IP 100MG
929,Tablets
930,REACTIN AP
931,PARACETAMOL IP 325MG + ACECLOFENAC IP 100MG
932,Tablets
933,REACTIN PLUS(G)
934,DICLOFENAC SODIUM IP 50MG + PARACETAMOL IP 325MG
935,Tablets
936,REACTIN PLUS(R)
937,DICLOFENAC SODIUM IP 50MG + PARACETAMOL IP 325MG
938,Tablets
939,REACTIN PLUS(W)
940,DICLOFENAC SODIUM IP 50MG + PARACETAMOL IP 325MG
941,Tablets
942,SPASMONIL
943,DICYCLOMINE HYDROCHLORIDE IP 20MG + PARACETAMOL IP 325MG
944,Tablets
945,SPASMONIL
946,DICYCLOMINE HYDROCHLORIDE IP 10MG + ACT DIMETHICONE 40MG/ML
947,Drops
948,SPASMORID
949,DICYCLOMINE HYDROCHLORIDE 20MG + PARACETAMOL 325MG
950,Tablets
951,VOLTANEC PR
952,ACECLOFENAC 100MG + PARACETAMOL 325MG + EXCIPIENTS Q.S.
953,Tablets
954,VOLTANEC SP
955,ACECLOFENAC 100MG + PARACETAMOL 325MG + SERRATIOPEPTIDASE 15MG
956,Tablets
957,CIPMOL 500
958,PARACETAMOL IP 500MG
959,Tablets
960,CIPMOL 650
961,PARACETAMOL IP 650MG
962,Tablets
963,CIPZEN FORTE
964,SERRATIOPEPTIDAS IP 10MG
965,Tablets
966,CLEARWAX
967,PARA DICHLOROBENZENE 2% + BENZOCAINE 2.7% + CHLORBUTOL 5% + TURPENTINE OIL 15%.
968,Drops
969,ETOZOX 60
970,ETORICOXIB 60MG
971,Tablets
972,ETOZOX 90
973,ETORICOXIB 90MG
974,Tablets
975,GABACIP-M
976,GABAPENTIN IP 300 MG + METHYLCOBALAMIN IP 500 MCG
977,Tablets
978,MECOVIT PLUS
979,ALPHA LIPOIC ACID USP 100MG + PYRIDOXINE HYDROCHLORIDE IP 3MG + METHYLCOBALAMIN IP 1500MCG + FOLIC ACID IP 1.5MG
980,Capsules
981,MOVEXX PLUS - AMBER
982,PPARACETAMOL IP 325MG + ACECLOFENAC IP 100MG
983,Tablets
984,MOVEXX PLUS - ORANGE
985,PARACETAMOL IP 325MG + ACECLOFENAC IP 100MG
986,Tablets
987,MOVEXX PLUS - PEACH
988,PARACETAMOL IP 325MG + ACECLOFENAC IP 100MG
989,Tablets
990,NICIP P (AMBER)
991,NIMESULIDE BP 100 MG + PARACETAMOL IP 325MG
992,Tablets
993,PREGACIP M
994,PREGABALIN IP 75MG + METHYLCOBALAMIN 750MCG + EXCIPIENTS QS
995,Capsules
996,REACTIN 50 (NEW)
997,DICLOFENAC 50MG
998,Tablets
999,REACTIN 50 TAB
1000,DICLOFENAC SODIUM IP 50MG
1001,Tablets
1002,SPASMONIL PLUS
1003,DICYCLOMINE HYDROCHLORIDE IP 10 MG + MEFENAMIC ACID IP 250 MG
1004,Tablets
1005,SILAGRA 100 4'S
1006,SILDENAFIL CITRATE IP EQUIVALENT TO SILDENAFIL 100 MG FILM COATED TABLET - COLOUR PURPLE
1007,Tablets
1008,SUHAGRA 25
1009,SILDENAFIL CITRATE IP 25MG
1010,Tablets
1011,SUHAGRA 50
1012,SILDENAFIL CITRATE IP 50MG
1013,Tablets
1014,SUHAGRA 100 4'S
1015,SILDENAFIL CITRATE IP 100MG
1016,Tablets
1017,SUHAGRA 100 10'S
1018,SILDENAFIL CITRATE IP 100MG
1019,Tablets
1020,SUHAGRA DURALONG
1021,LIDOCAINE 10%
1022,Spray
1023,SUHAGRA FORCE 50
1024,DAPOXETINE HCL 30MG + SILDENAFIL CITRATE IP 50MG
1025,Tablets
1026,TADACIP 20 4'S
1027,TADALAFIL 20MG
1028,Tablets
1029,NORLUT-N
1030,NORETHISTERONE ACETATE USP 5MG
1031,Tablets
1032,VOMINORM
1033,METOCLOPRAMIDE HYDROCHLORIDE 10MG
1034,Tablets
1035,NESTACORT 6
1036,DEFLAZACORT 6MG
1037,Tablets
1038,BETASALIC 20GM
1039,BECLOMETHASONE DIPROPIONATE 0.1% + SALICYLIC ACID IP BASE Q.S. 3%
1040,Ointment
1041,BURNHEAL 15GM
1042,SILVER NITRATE 0.20 % + CHLORHEXIDINE GLUCONATE SOLUTION IP 0.20% + CHLOROCRESOL 0.12 % W/W
1043,Cream
1044,Cipderm 25 GM
1045,BETAMETHASONE DIPROPIONATE IP 0.05% + GENTAMICIN SULPHATE IP 0.1% + MICONAZOLE NITRATE IP 2.0% + CHLOROCRESOL IP 0.1% W/W
1046,Cream
1047,CIPLADINE 125GM
1048,POVIDONE IODINE IP 5% + LODINE 0.5% W/W
1049,Ointment
1050,CIPSULF 10GM
1051,CLOBETASOL PROPIONATE IP 0.05% + NEOMYCIN SULPHATE 0.5% + BENZYL ALCOHOL 1.0%
1052,Powder
1053,CLODERM-N 15 GM
1054,CLOBETASOL PROPIONATE IP 0.05% + NEOMYCIN SULPHATE 0.5% + BENZYL ALCOHOL 1.0%
1055,Cream
1056,Cloderm-S 20 gm
1057,CLOBETASOL PROPIONATE IP 0.05 % + SALICYLIC ACID IP 3 %
1058,Ointment
1059,FEBUTEC 40
1060,FEBUXOSTAT 40MG
1061,Tablets
1062,FORACNE 20GM
1063,CLINDAMYCIN PHOSPHATE 1.0 % + NICOTINAMIDE 4.0 % + ALOE
1064,Gel
1065,FORACNE PLUS
1066,ADAPALENE BP 0.1 % + CLINDAMYCIN PHOSPHATE USP 1% + METHYL PARABEN IP 0.1 % + PHENOXYETHANOL BP 0.25 %
1067,Gel
1068,FOURDERM 10GM
1069,CLOBETASOL PROPIONATE BP 0.05% + NEOMYCIN SULPHATE IP 0.50% + MICONAZOLE NITRATE 2.00% + CHLORHEXIDINE GLUCONATE SOLUTION 0.20% + CHLOROCRESOL 0.10%
1070,Cream
1071,FOURDERM 15GM
1072,CLOBETASOL PROPIONATE BP 0.05 % + NEOMYCIN SULPHATE IP 0.50 % + MICONAZOLE NITRATE IP 2.00 % + CHLORHEXIDINE GLUCONATE SOLUTION IP 0.20 % + CHLOROCRESOL IP 0.10 %
1073,Cream
1074,FOURDERM (NEW)20 GMS
1075,CLOBETASOL PROPPIONATE BP 0.05 % + NEOMYCIN SULHATE IP 0.50 % + MICONAZOLE NITRATE IP 2.00 % + CHLORHEXIDINE GLUCONATE SOLUTIONIP 0.20 % + CHLOROCRESOL IP 0.10 % W/W
1076,Cream
1077,FOURDERM AF 5GM
1078,CLOBETASOL PROPIONATE 0.05% + NEOMYCIN SULPHATE 0.5% + MICONAZOLE NITRATE 2.0% + CHLOROCRESOL 0.1%
1079,Cream
1080,FOURDERM CREAM 15GMS
1081,CLOBETASOL PROPIONATE BP..0.05 % W/W NEOMYCIN SULPHATE IP..0.50 % W/W MICONAZOLE NITRATE IP..2.00 % W/W CHLORHEXIDINE GLUCONATE SOLUTION IP…0.20 % W/W CHLOROCRESOL IP (AS PRESERVATIVE)..0.10 % W/W IN A CREAM BASE..Q.S.
1082,Cream
1083,FOURDERM N/F PLUS 15GM
1084,CLOBETASOL PROPIONATE 0.05% + NEOMYCIN 0.1% + MICONAZOLE NITRATE 2.0%
1085,Cream
1086,FOURDERM RF 15GM
1087,BECLOMETHASONE DIPROPIONATE IP 0.025% + CLOTRIMAZOLE IP 1% + CHLOROCRESOL IP 0.1%
1088,Cream
1089,MICOGEL
1090,MICONAZOLE NITRATE IP 2 % + CHLOROCRESOL IP 0.1 %
1091,Cream
1092,MICOGEL - F
1093,MICONAZOLE NITRATE IP 2% + FLUCINOLONE ACETONIDE 0.01%
1094,Ointment
1095,SILVERTEC 1*10 GMS
1096,SILVER NITRATE 0.2% + ETHANOL IP 4.0%
1097,Gel
1098,TERCAN-M 10 GM
1099,MOMETASONE FUROATE IP 0.1% + TERBINAFINE HYDROCHLORIDE IP 1 % w/w
1100,Gel
1101,TOCODERM N/F PLUS 15GM
1102,CLOBETASOL PROPIONATE 0.05% + NEOMYCIN SULPHATE 0.1% + MICONAZOLE NITRATE 2.0%
1103,Cream
1104,BETASALIC 20GM
1105,BECLOMETHASONE DIPROPIONATE 0.1% + SALICYLIC ACID IP BASE QS. 3%
1106,Ointment
1107,BURNHEAL 15GM
1108,SILVER NITRATE 0.20 % + CHLORHEXIDINE GLUCONATE SOLUTION IP 0.20% + CHLOROCRESOL 0.12 % W/W
1109,Cream
1110,CILOGARD 5MG
1111,CILNIDIPINE 5 MG + EXCIPIENTS Q.S.
1112,Tablets
1113,CIPDERM 25GM
1114,BETAMETHASONE DIPROPIONATE IP 0.05% + GENTAMICIN SULPHATE IP 0.1% + MICONAZOLE NITRATE IP 2.0% + CHLOROCRESOL IP 0.1% W/W
1115,Cream
1116,CIPSULF 10GM
1117,CLOBETASOL PROPIONATE IP 0.05% + NEOMYCIN SULPHATE 0.5% + BENZYL ALCOHOL 1.0%
1118,Powder
1119,CLODERM-N 15GM
1120,CLOBETASOL PROPIONATE IP 0.05% + NEOMYCIN SULPHATE 0.5% + BENZYL ALCOHOL 1.0%
1121,Cream
1122,FEBUTEC 40
1123,FEBUXOSTAT 40MG
1124,Tablets
1125,FORACNE 20GM
1126,CLINDAMYCIN PHOSPHATE 1.0 % + NICOTINAMIDE 4.0 % + ALOE
1127,Gel
1128,FORACNE PLUS
1129,ADAPALENE BP 0.1 % + CLINDAMYCIN PHOSPHATE USP 1% + METHYL PARABEN IP 0.1 % + PHENOXYETHANOL BP 0.25 %
1130,Gel
1131,FOURDERM 10GM
1132,CLOBETASOL PROPIONATE BP 0.05% + NEOMYCIN SULPHATE IP 0.50% + MICONAZOLE NITRATE 2.00% + CHLORHEXIDINE GLUCONATE SOLUTION 0.20% + CHLOROCRESOL 0.10%
1133,Cream
1134,FOURDERM (NEW)20 GM
1135,CLOBETASOL PROPPIONATE BP 0.05 % + NEOMYCIN SULHATE IP 0.50 % + MICONAZOLE NITRATE IP 2.00 % + CHLORHEXIDINE GLUCONATE SOLUTIONIP 0.20 % + CHLOROCRESOL IP 0.10 % W/W
1136,Cream
1137,FOURDERM AF 5GM
1138,CLOBETASOL PROPIONATE 0.05% + NEOMYCIN SULPHATE 0.5% + MICONAZOLE NITRATE 2.0% + CHLOROCRESOL 0.1%
1139,Cream
1140,FOURDERM CREAM 15GM
1141,CLOBETASOL PROPIONATE BP..0.05 % W/W NEOMYCIN SULPHATE IP..0.50 % W/W MICONAZOLE NITRATE IP..2.00 % W/W CHLORHEXIDINE GLUCONATE SOLUTION IP…0.20 % W/W CHLOROCRESOL IP (AS PRESERVATIVE)..0.10 % W/W IN A CREAM BASE..Q.S.
1142,Cream
1143,FOURDERM N/F PLUS 15GM
1144,CLOBETASOL PROPIONATE 0.05% + NEOMYCIN 0.1% + MICONAZOLE NITRATE 2.0%
1145,Cream
1146,FOURDERM RF 15GM
1147,BECLOMETHASONE DIPROPIONATE IP 0.025% + CLOTRIMAZOLE IP 1% + CHLOROCRESOL IP 0.1%
1148,Cream
1149,MICOGEL
1150,MICONAZOLE NITRATE IP 2 % + CHLOROCRESOL IP 0.1 %
1151,Cream
1152,MICOGEL-F
1153,MICONAZOLE NITRATE IP 2% + FLUCINOLONE ACETONIDE 0.01%
1154,Ointment
1155,NICIP SUPER GEL
1156,NIMESULIDE BP 1% + METHYL SALCYLATE IP 10.3% + MENTHOL IP 5.15% + LINSEED OIL BP 3%
1157,Gel
1158,OMNI HOT 10GM
1159,DICLOFENAC DIETHYLAMINE 1.16% + VIRGIN LINSEED OILl 3.0% + METHYL SALICYLATE 10.0% + CAPSAICIN 0.025% + MENTHOL IP 5.0% + BENZYL ALCOHOL 1.0%
1160,Gel
1161,OMNI HOT 20GM
1162,"DICLOFENAC DIETHYLAMINE 1.16% + VIRGIN LINSEED OIL 3.0% + METHYL SALICYLATE 10.0% + CAPSAICIN USP 0.025% + MENTHOL 5.0%, + BENZYL ALCOHOL 1.0%"
1163,Gel
1164,OMNI HOT 30GM
1165,LINSEED OIL BP 3.0% + DICLOFENAC DIETHYLAMINE BP 1.16% + METHYL SALICYLATE IP 10% + CAPSAICIN USP 0.025% + MENTHOL IP 5% + BENZYL ALCOHOL IP 1%
1166,Gel
1167,OMNI ICE 30GM
1168,MENTHOL IP 2% + METHYL PRABEN IP 0.18% + PROPYL PRABEN IP 0.02%
1169,Gel
1170,OMNI NATURAL 15GM
1171,GANDHAPURAA 15 % + KAPUR 5 % + SARALA 3 % + PUDINAH 3 % + LAVANG 3 % + NILGIRI 2 % W/W
1172,Ointment
1173,OMNI NATURAL 30GM
1174,GANDHAPURAA 15 % + KAPUR 5 % + SARALA 3 % + PUDINAH 3 % + LAVANG 3 % + NILGIRI 2 % W/W
1175,Ointment
1176,OMNIGEL 10GM
1177,LINSEED OIL BP 3.0%+ DICLOFENAC DIETHLYLAMINE BP 1% + METHYL SILICATE IP 10% + MENTHOL IP 5% + BENZYL ALCOHAL IP 1%
1178,Cream
1179,OMNIGEL 20GM
1180,LINSEED OIL BP 3.0%+ DICLOFENAC DIETHLYLAMINE BP 1% + METHYL SILICATE IP 10% + MENTHOL IP 5% + BENZYL ALCOHAL IP 1%
1181,Ointment
1182,OMNIGEL 20GM
1183,LINSEED OIL BP 3% + DICLOFENAC DIETHYLAMINE BP 1.16% + METHYL SALICYLATE IP 10% + MENTHOL IP 5% + EXCIPIENTS & PROPELLANT Q.S. TO 100% w/w
1184,Spray
1185,OMNIGEL 30GM
1186,LINSEED OIL BP 3.0%+ DICLOFENAC DI ETHLYLAMINE BP 1% + METHYL SILICATE IP 10% + MENTHOL IP 5% + BENZYL ALCOHAL IP 1%
1187,Gel
1188,OMNIGEL 35GM
1189,DIETHYLAMINE BP 1.16% + LINSEED OIL BP 3 % METHYL SALICYLATE IP 10 % + MENTHOL IP 5 % + EXCIPIENTS & PROPELLANT Q.S. TO 100 % W/W
1190,Spray
1191,OMNIGEL 50GM
1192,LINSEED OIL BP 3.0% +DICLOFENAC DIETHYLAMINE BP 1% + METHYL SALICYLATE IP 10% + MENTHOL IP 5% + BENZYL ALCOHOL IP 1%
1193,Ointment
1194,OMNIGEL 55GM
1195,DIETHYLMINE BP 1.13% + LINSEED OIL BP 3 % + METHYL SALICYLATE IP 10 % + MENTHOL IP 5% + EXCIPIENTS & PROPELLANT Q.S.
1196,Spray
1197,OMNIGEL 75GM
1198,LINSEED OIL BP 3.0 % + DICLOFENAC DIETHYLAMINE BP 1 % + METHYL SALICYLATE IP 10 % + MENTHOL IP 5 % + BENZYL ALCOHOL IP 1 %
1199,Cream
1200,OMNIGEL 75GM
1201,DICLOFENAC DIETHYLAMINE BP 16 % + LINSEED OIL BP 3 % + METHYL SALICYLATE IP 10 % + MENTHOL IP 5 % + EXCIPIENTS & PROPELLANT Q.S. TO 100 % W/W
1202,Spray
1203,OMNIGEL 100GM
1204,VIRGIN LINSEED OIL 3% + DICLOFENAC DIETHYLAMINE 1.16% + METHYL SALICYLATE 10% + MENTHOL 5% + EXCIPIENTS & PROPELLANT q.s.
1205,Spray
1206,OMNIGEL 2% 25GM
1207,DICLOFENAC DIETHYLAMINE 2.32% + DICLOFENAC SODIUM IP 2% + METHYL SALICYLATE 10% + MENTHOL 5% + ABSOLUTE ALCOHOL 10% V/V
1208,Spray
1209,OMNIGEL 2% 35GM DOUBLE POWER
1210,DICLOFENAC DIETHYLAMINE IP 2.32 % + METHYL SALICYLATE IP 10 % + MENTHOL IP 5 % + ABSOLUTE ALCOHOL IP 10 % V/V
1211,Spray
1212,OMNIGEL 2% 55GM
1213,DICLOFENAC DIETHYLAMINE 2.32% + DICLOFENAC SODIUM 2% + METHYL SALICYLATE 10% + MENTHOL 5% A+ BSOLUTE ALCOHOL 10% V/V
1214,Spray
1215,PIROX 30GM
1216,PIROXICAM IP 0.5% + PROPYLENE GLYCOL IP Q.S.
1217,Ointment
1218,REACTIN 30GM
1219,DICLOFENAC DIETHYLAMINE BP 1.16% W/W
1220,Gel
1221,SILVERTEC 1*10 GMS
1222,SILVER NITRATE 0.2% + ETHANOL IP 4.0%
1223,Gel
1224,TERCAN-M 10GM
1225,MOMETASONE FUROATE IP 0.1% + TERBINAFINE HYDROCHLORIDE IP 1 % W/W
1226,Gel
1227,TOCODERM N/F PLUS 15GM
1228,CLOBETASOL PROPIONATE 0.05% + NEOMYCIN SULPHATE 0.1% + MICONAZOLE NITRATE 2.0%
1229,Cream
1230,ALKACIP
1231,DISODIUM HYDROGEN CITRATE B.P. 1.53GM/5ML
1232,Syrup
1233,CIPCAL
1234,ELEMENTAL CALCIUM 250ML + VIT D3 125 IU
1235,Syrup
1236,CIPCAL 250
1237,ELEMENTAL CALCIUM 250MG + VIT D3 125 IU
1238,Tablets
1239,CIPCAL 500
1240,ELEMENTAL CALCIUM 500MG + VIT D3 250 IU
1241,Tablets
1242,CIPCAL D3
1243,"CHOLECALCIFEROL IP 60, 000 IU + EXCIPIENTS Q.S."
1244,Sachet
1245,CIPCAL D3 SOFTGELS
1246,"CHOLECALCIFEROL IP 60, 000 IU + EXCIPIENTS Q.S."
1247,Capsules
1248,CIPCAL HD
1249,ELEMENTAL CALCIUM 500 MG + VITAMIN D3 IP 500 IU
1250,Tablets
1251,COFOL - Z
1252,CARBONYL IRON 50MG + ZINC SULPHATE MONOHYDRATE IP 61.8 MG + FOLIC ACID IP 0.5MG
1253,Capsules
1254,EMRICH
1255,MULTI VITAMIN
1256,Capsule
1257,FERICIP XT
1258,FERROUS ASCORBATE 100MG + FOLIC ACID IP 1.5MG + EXCIPIENTS Q.S
1259,Tablets
1260,FERICIP XT
1261,EACH 5 ML CONTAINS FERROUS ASCORBATE ELEMENTAL IRON 30MG + FOLIC ACID IP 500MCG
1262,Suspn.
1263,HEMOCIP PLUS 225ML
1264,FERRIC AMMONIUM CITRATE 200MG + CYANOCOBALAMIN 7.5MCG + FOLIC ACID 1 MG + ZINC SULPHATE 7MG
1265,Syrup
1266,HEMOCIP PLUS 300ML
1267,FERRIC AMMONIUM CITRATE 200MG + CYANOCOBALAMIN 7.5MCG + FOLIC ACID 1MG + ZINC SULPHATE 7MG
1268,Syrup
1269,HEPOFER FORTE
1270,IRON (III) HYDROXIDE POLYMALTOSE COMPLEX 50MG + FOLIC ACID IP 0.5MG
1271,Syrup
1272,LACTOCIP DS TABLETS
1273,LACTIC ACID BACILLUS NLT
1274,Tablets
1275,LYCOGARD 225 ML
1276,LYCOPENE 6 % 2000MCG + NIACINAMIDE 25MG + PYRIDOXINE HYDROCHLORIDE 1.5MG + CYANOCOBALAMIN 1MCG + FOLIC ACID 100MCG + SALENIUM 35MCG + ZINC 3MG + MANGANESE 2MG + IODINE 100MCG + COPPER 500MCG
1277,Syrup
1278,LYCOGARD SOFTGEL
1279,LYCOPENE + VITAMIN A + VITAMIN E + ELEMENTAL CHROMIUM + COPPER + MANGANESE + SELENIUM + ZINC
1280,Capsules
1281,OMNICAL 500
1282,1.25G OF CALCIUM CARBONATE + VITAMIN D3 IP 250 IU + EXCIPIENT Q.S.
1283,Tablets
1284,OMNIVIT 200ML
1285,PYRIDOXINE HYDROCHLORIDE 0.75MG + NICOTINAMIDE 15MG + CYANOCOBALAMIN 2MCG + LYSINE HYDROCHLORIDE 37.5MG + SORBITOL SOLUTION (70%)
1286,Syrup
1287,PROTIBIN
1288,EACH 5ML CONTAINS PROTIEN HCL 20% 0.333GM + PYRIDOXINE HCL 0.50MG + NIACINAMIDE 15MG + IRON CHOLINE CITRATE 15MG + MAGNESIUM CHLORIDE IP 3.333MG + MANGANESE CHLORIDE USP 0.0333MG + ZINC SULPHATE 44MG + LYSINE HCL 20MG 3.333MG/5ML + MAGNESIUM CHLORIDE IP + ALIMENLARL ZINC 10MG
1289,Syrup
1290,SUPERCAL 500
1291,CALCIUM CARBONATE 1250MG + 1.25G OF CALCIUM CARBONATE + VIT D3 IP250 IU
1292,Tablets
1293,VITACIP
1294,GINSENG EXTRACT POWDER 45MG + VITAMIN A 2000 IU + VITAMIN D3 200 IU + VITAMIN B1 2MG + VITAMIN B2 1.5MG + VITAMIN B6 1.5MG + VITAMIN B12 1MCG + VITAMIN C 25MG + VITAMIN E ACETATE 10MG + CALCIUM PANTOTHENATE 5MG + FOLIC ACID 0.25MG + CALCIUM 75MG + PHOSPHORUS 58MG + LODINE 0.1MG + MANGANESE 0.5MG + MAGNESIUM 3MG + POTASSIUM 2MG + FERROUS FUMARATE 30MG + ZINC 10MG + COPPER 0.5MG + SELENIUM 100MCG + BIOTIN 100MG
1295,Capsules
1296,VITAFOL
1297,FOLIC ACID IP 5MG
1298,Tablets
1299,VITAMIN-D3 60K TAB
1300,"CHOLECALCIFEROL IP (AS STABILIZED) 60,000 IU EXCIPIENTS..Q.S."
1301,Tablets
1302,VITAMON
1303,FFERRIC AMMONIUM CITRATE 110MG + FOLIC ACID 1.5MG + CYNACOBALAMIN 15MCG + SORBITOL SOLUTION (70%) 10% / ML + ELEMENTAL IRON 22MG
1304,Syrup
1305,VITOMIN D3
1306,VITAMIN D3 IP 400 IU
1307,Bottle
1308,VITOMIN-D3
1309,"CHOLECALCIFEROL IP 60,000 IU + EXCIPIENTS Q.S."
1310,Sachets
1311,VITOMIN-D3 60K
1312,"CHOLECALCIFEROL IP 60,000 IU + EXCIPIENTS Q.S."
1313,Tablets
